DB_Size,Query_ID,Labels,Retrieved_Count,P@5,R@5,nDCG@5,LabelMatch@5,P@10,R@10,nDCG@10,LabelMatch@10,P@20,R@20,nDCG@20,LabelMatch@20
1000,QUERY_0,Fracture,30,0.397,0.2399,0.447,0.377,0.3491,0.3306,0.4291,0.3291,0.2488,0.3688,0.3588,0.2288
1000,QUERY_1,Edema,33,0.4607,0.2769,0.5107,0.4407,0.3867,0.3548,0.4667,0.3667,0.3198,0.4398,0.4298,0.2998
1000,QUERY_2,"Pleural Effusion,Atelectasis",17,0.3254,0.1839,0.3754,0.3054,0.3237,0.313,0.4037,0.3037,0.2664,0.3864,0.3764,0.2464
1000,QUERY_3,"Pleural Other,No Finding,Atelectasis",48,0.4074,0.2405,0.4574,0.3874,0.3899,0.3664,0.4699,0.3699,0.3209,0.4409,0.4309,0.3009
1000,QUERY_4,"Consolidation,Lung Opacity,Support Devices",22,0.4526,0.2729,0.5026,0.4326,0.372,0.3422,0.452,0.352,0.2997,0.4197,0.4097,0.2797
1000,QUERY_5,"Pleural Other,Pneumonia",36,0.389,0.2205,0.439,0.369,0.3381,0.3139,0.4181,0.3181,0.3351,0.4551,0.4451,0.3151
1000,QUERY_6,"Consolidation,Cardiomegaly",25,0.4526,0.2673,0.5026,0.4326,0.4381,0.4054,0.5181,0.4181,0.3418,0.4618,0.4518,0.3218
1000,QUERY_7,Pneumothorax,32,0.457,0.262,0.507,0.437,0.4189,0.3814,0.4989,0.3989,0.3383,0.4583,0.4483,0.3183
1000,QUERY_8,"Enlarged Cardiomediastinum,Support Devices,Consolidation",35,0.401,0.2487,0.451,0.381,0.3114,0.2952,0.3914,0.2914,0.2718,0.3918,0.3818,0.2518
1000,QUERY_9,Lung Opacity,26,0.3976,0.2442,0.4476,0.3776,0.3535,0.3368,0.4335,0.3335,0.2803,0.4003,0.3903,0.2603
1000,QUERY_10,"Support Devices,Pneumothorax,Lung Lesion",23,0.425,0.2676,0.475,0.405,0.3092,0.2905,0.3892,0.2892,0.2561,0.3761,0.3661,0.2361
1000,QUERY_11,"Pleural Other,Support Devices",48,0.3683,0.2292,0.4183,0.3483,0.2834,0.2738,0.3634,0.2634,0.1969,0.3169,0.3069,0.1769
1000,QUERY_12,Enlarged Cardiomediastinum,20,0.4075,0.2503,0.4575,0.3875,0.3374,0.3188,0.4174,0.3174,0.26,0.38,0.37,0.24
1000,QUERY_13,"Lung Lesion,Enlarged Cardiomediastinum,Consolidation",26,0.4846,0.3056,0.5346,0.4646,0.4049,0.3755,0.4849,0.3849,0.3544,0.4744,0.4644,0.3344
1000,QUERY_14,"Fracture,Pleural Other,Cardiomegaly",18,0.4802,0.2864,0.5302,0.4602,0.3881,0.3512,0.4681,0.3681,0.3965,0.5165,0.5065,0.3765
1000,QUERY_15,"Pleural Other,Lung Opacity",18,0.4236,0.2463,0.4736,0.4036,0.346,0.3173,0.426,0.326,0.289,0.409,0.399,0.269
1000,QUERY_16,"Support Devices,Pleural Effusion",28,0.391,0.2344,0.441,0.371,0.336,0.3177,0.416,0.316,0.239,0.359,0.349,0.219
1000,QUERY_17,"Consolidation,Edema",15,0.3636,0.2052,0.4136,0.3436,0.3462,0.327,0.4262,0.3262,0.3032,0.4232,0.4132,0.2832
1000,QUERY_18,"Consolidation,Lung Opacity",28,0.377,0.2157,0.427,0.357,0.3559,0.3352,0.4359,0.3359,0.2504,0.3704,0.3604,0.2304
1000,QUERY_19,Pneumonia,18,0.3741,0.2101,0.4241,0.3541,0.3725,0.3505,0.4525,0.3525,0.2931,0.4131,0.4031,0.2731
1000,QUERY_20,"Support Devices,Pleural Effusion",42,0.454,0.2569,0.504,0.434,0.4006,0.362,0.4806,0.3806,0.3774,0.4974,0.4874,0.3574
1000,QUERY_21,Support Devices,20,0.3954,0.2444,0.4454,0.3754,0.3299,0.3144,0.4099,0.3099,0.2501,0.3701,0.3601,0.2301
1000,QUERY_22,Pneumonia,25,0.4617,0.2638,0.5117,0.4417,0.3996,0.3606,0.4796,0.3796,0.35,0.47,0.46,0.33
1000,QUERY_23,"Pleural Effusion,Pleural Other,No Finding",22,0.5183,0.3265,0.5683,0.4983,0.4564,0.4205,0.5364,0.4364,0.375,0.495,0.485,0.355
1000,QUERY_24,Lung Lesion,16,0.432,0.2539,0.482,0.412,0.3601,0.331,0.4401,0.3401,0.3229,0.4429,0.4329,0.3029
1000,QUERY_25,Pleural Effusion,17,0.3689,0.2228,0.4189,0.3489,0.3125,0.2994,0.3925,0.2925,0.2095,0.3295,0.3195,0.1895
1000,QUERY_26,"No Finding,Consolidation",25,0.3883,0.2443,0.4383,0.3683,0.2629,0.2509,0.3429,0.2429,0.2716,0.3916,0.3816,0.2516
1000,QUERY_27,"Lung Lesion,Fracture,Support Devices",45,0.3303,0.1913,0.3803,0.3103,0.316,0.3065,0.396,0.296,0.224,0.344,0.334,0.204
1000,QUERY_28,No Finding,46,0.4294,0.2636,0.4794,0.4094,0.3494,0.3265,0.4294,0.3294,0.3279,0.4479,0.4379,0.3079
1000,QUERY_29,Pleural Other,30,0.4549,0.2702,0.5049,0.4349,0.39,0.3577,0.47,0.37,0.3708,0.4908,0.4808,0.3508
1000,QUERY_30,"Cardiomegaly,Lung Opacity,Edema",31,0.4472,0.2706,0.4972,0.4272,0.3528,0.3245,0.4328,0.3328,0.3278,0.4478,0.4378,0.3078
1000,QUERY_31,"Pneumonia,Lung Opacity",50,0.3914,0.2471,0.4414,0.3714,0.2688,0.2566,0.3488,0.2488,0.2154,0.3354,0.3254,0.1954
1000,QUERY_32,"Support Devices,Pneumonia,Enlarged Cardiomediastinum",40,0.4295,0.2669,0.4795,0.4095,0.3754,0.3541,0.4554,0.3554,0.326,0.446,0.436,0.306
1000,QUERY_33,"Pneumothorax,Support Devices,Edema",25,0.3764,0.2185,0.4264,0.3564,0.3107,0.2918,0.3907,0.2907,0.2524,0.3724,0.3624,0.2324
1000,QUERY_34,Edema,21,0.407,0.2418,0.457,0.387,0.358,0.3354,0.438,0.338,0.3141,0.4341,0.4241,0.2941
1000,QUERY_35,Atelectasis,28,0.4142,0.2577,0.4642,0.3942,0.296,0.2777,0.376,0.276,0.2982,0.4182,0.4082,0.2782
1000,QUERY_36,"Edema,Pleural Effusion,Support Devices",35,0.4067,0.247,0.4567,0.3867,0.3094,0.2895,0.3894,0.2894,0.3103,0.4303,0.4203,0.2903
1000,QUERY_37,"Support Devices,Lung Lesion",21,0.4057,0.228,0.4557,0.3857,0.3606,0.3317,0.4406,0.3406,0.2899,0.4099,0.3999,0.2699
1000,QUERY_38,"Atelectasis,Pleural Other",36,0.472,0.2883,0.522,0.452,0.3904,0.3585,0.4704,0.3704,0.339,0.459,0.449,0.319
1000,QUERY_39,"No Finding,Lung Opacity",23,0.4281,0.2708,0.4781,0.4081,0.3422,0.3235,0.4222,0.3222,0.2922,0.4122,0.4022,0.2722
1000,QUERY_40,"Enlarged Cardiomediastinum,Lung Lesion",43,0.4017,0.2416,0.4517,0.3817,0.3664,0.3463,0.4464,0.3464,0.2437,0.3637,0.3537,0.2237
1000,QUERY_41,"Support Devices,Pleural Other,Consolidation",36,0.3908,0.2392,0.4408,0.3708,0.3366,0.3208,0.4166,0.3166,0.2965,0.4165,0.4065,0.2765
1000,QUERY_42,"Atelectasis,Cardiomegaly",31,0.4031,0.2421,0.4531,0.3831,0.3254,0.305,0.4054,0.3054,0.2552,0.3752,0.3652,0.2352
1000,QUERY_43,Cardiomegaly,50,0.4144,0.2595,0.4644,0.3944,0.3524,0.335,0.4324,0.3324,0.3066,0.4266,0.4166,0.2866
1000,QUERY_44,"Enlarged Cardiomediastinum,Cardiomegaly",15,0.4294,0.2702,0.4794,0.4094,0.3728,0.3532,0.4528,0.3528,0.2788,0.3988,0.3888,0.2588
1000,QUERY_45,"No Finding,Lung Opacity,Pleural Effusion",44,0.3888,0.2263,0.4388,0.3688,0.3725,0.3513,0.4525,0.3525,0.3251,0.4451,0.4351,0.3051
1000,QUERY_46,"Pleural Other,Atelectasis",45,0.4099,0.2359,0.4599,0.3899,0.3904,0.3635,0.4704,0.3704,0.2904,0.4104,0.4004,0.2704
1000,QUERY_47,"Pleural Effusion,Edema,Pneumothorax",15,0.4122,0.2606,0.4622,0.3922,0.335,0.3192,0.415,0.315,0.2941,0.4141,0.4041,0.2741
1000,QUERY_48,"Pneumothorax,Consolidation,Support Devices",35,0.4644,0.2694,0.5144,0.4444,0.447,0.4095,0.527,0.427,0.3644,0.4844,0.4744,0.3444
1000,QUERY_49,Pneumothorax,48,0.3516,0.2045,0.4016,0.3316,0.3298,0.3163,0.4098,0.3098,0.2477,0.3677,0.3577,0.2277
2000,QUERY_0,Enlarged Cardiomediastinum,47,0.427,0.2464,0.477,0.407,0.3852,0.3549,0.4652,0.3652,0.3186,0.4386,0.4286,0.2986
2000,QUERY_1,"Lung Lesion,Fracture,Enlarged Cardiomediastinum",46,0.399,0.2276,0.449,0.379,0.4022,0.3765,0.4822,0.3822,0.3136,0.4336,0.4236,0.2936
2000,QUERY_2,"Lung Opacity,Enlarged Cardiomediastinum",43,0.4503,0.2712,0.5003,0.4303,0.3759,0.3463,0.4559,0.3559,0.3536,0.4736,0.4636,0.3336
2000,QUERY_3,Cardiomegaly,38,0.4793,0.2874,0.5293,0.4593,0.4252,0.3892,0.5052,0.4052,0.3884,0.5084,0.4984,0.3684
2000,QUERY_4,Pleural Effusion,38,0.3819,0.2247,0.4319,0.3619,0.3509,0.3323,0.4309,0.3309,0.241,0.361,0.351,0.221
2000,QUERY_5,Pleural Effusion,23,0.4701,0.2843,0.5201,0.4501,0.3695,0.3366,0.4495,0.3495,0.3249,0.4449,0.4349,0.3049
2000,QUERY_6,"Lung Lesion,Cardiomegaly,Pneumothorax",21,0.4774,0.2806,0.5274,0.4574,0.415,0.3766,0.495,0.395,0.3977,0.5177,0.5077,0.3777
2000,QUERY_7,Lung Opacity,39,0.4835,0.2883,0.5335,0.4635,0.4413,0.4037,0.5213,0.4213,0.3365,0.4565,0.4465,0.3165
2000,QUERY_8,"Pneumonia,Pleural Effusion,Consolidation",50,0.4348,0.2686,0.4848,0.4148,0.3616,0.3385,0.4416,0.3416,0.3024,0.4224,0.4124,0.2824
2000,QUERY_9,"Lung Opacity,Enlarged Cardiomediastinum",34,0.3813,0.2219,0.4313,0.3613,0.3469,0.3273,0.4269,0.3269,0.3052,0.4252,0.4152,0.2852
2000,QUERY_10,Pneumonia,48,0.4459,0.281,0.4959,0.4259,0.3457,0.3233,0.4257,0.3257,0.2771,0.3971,0.3871,0.2571
2000,QUERY_11,"Pleural Other,Cardiomegaly,Lung Opacity",39,0.4191,0.2636,0.4691,0.3991,0.3017,0.2839,0.3817,0.2817,0.2451,0.3651,0.3551,0.2251
2000,QUERY_12,Support Devices,28,0.4718,0.2788,0.5218,0.4518,0.435,0.3985,0.515,0.415,0.3741,0.4941,0.4841,0.3541
2000,QUERY_13,"Lung Opacity,Pleural Effusion",46,0.5056,0.3124,0.5556,0.4856,0.4172,0.3806,0.4972,0.3972,0.3816,0.5016,0.4916,0.3616
2000,QUERY_14,"Lung Opacity,Pleural Effusion",19,0.4561,0.2869,0.5061,0.4361,0.3777,0.3531,0.4577,0.3577,0.34,0.46,0.45,0.32
2000,QUERY_15,Enlarged Cardiomediastinum,39,0.398,0.2409,0.448,0.378,0.3232,0.3046,0.4032,0.3032,0.2761,0.3961,0.3861,0.2561
2000,QUERY_16,Atelectasis,26,0.5141,0.307,0.5641,0.4941,0.472,0.4285,0.552,0.452,0.42,0.54,0.53,0.4
2000,QUERY_17,Lung Lesion,44,0.4172,0.2539,0.4672,0.3972,0.3437,0.322,0.4237,0.3237,0.3168,0.4368,0.4268,0.2968
2000,QUERY_18,"Fracture,Pleural Other,Cardiomegaly",37,0.4378,0.2689,0.4878,0.4178,0.3447,0.3203,0.4247,0.3247,0.3285,0.4485,0.4385,0.3085
2000,QUERY_19,"Edema,Pleural Effusion",35,0.5186,0.3167,0.5686,0.4986,0.4426,0.4017,0.5226,0.4226,0.4138,0.5338,0.5238,0.3938
2000,QUERY_20,"Support Devices,Edema",35,0.4884,0.3065,0.5384,0.4684,0.4227,0.3917,0.5027,0.4027,0.3742,0.4942,0.4842,0.3542
2000,QUERY_21,Cardiomegaly,16,0.437,0.2754,0.487,0.417,0.3611,0.3403,0.4411,0.3411,0.2759,0.3959,0.3859,0.2559
2000,QUERY_22,"Fracture,Pneumonia",26,0.5592,0.3488,0.6092,0.5392,0.4617,0.4164,0.5417,0.4417,0.3967,0.5167,0.5067,0.3767
2000,QUERY_23,"Pneumonia,No Finding",28,0.524,0.3116,0.574,0.504,0.5087,0.4625,0.5887,0.4887,0.4443,0.5643,0.5543,0.4243
2000,QUERY_24,"Lung Lesion,Support Devices,Atelectasis",46,0.5177,0.311,0.5677,0.4977,0.4875,0.4442,0.5675,0.4675,0.3626,0.4826,0.4726,0.3426
2000,QUERY_25,"Cardiomegaly,Edema,Lung Lesion",33,0.3835,0.224,0.4335,0.3635,0.3019,0.2821,0.3819,0.2819,0.2919,0.4119,0.4019,0.2719
2000,QUERY_26,"Enlarged Cardiomediastinum,Pneumonia,Lung Opacity",40,0.419,0.2398,0.469,0.399,0.4008,0.3712,0.4808,0.3808,0.3314,0.4514,0.4414,0.3114
2000,QUERY_27,Pleural Other,36,0.3949,0.2313,0.4449,0.3749,0.3644,0.3426,0.4444,0.3444,0.3012,0.4212,0.4112,0.2812
2000,QUERY_28,"Pneumothorax,Lung Opacity",27,0.3794,0.2132,0.4294,0.3594,0.3924,0.3693,0.4724,0.3724,0.3072,0.4272,0.4172,0.2872
2000,QUERY_29,"Fracture,Pneumonia,Pleural Effusion",23,0.5049,0.3058,0.5549,0.4849,0.4074,0.3679,0.4874,0.3874,0.3608,0.4808,0.4708,0.3408
2000,QUERY_30,Pleural Effusion,21,0.4639,0.2761,0.5139,0.4439,0.4296,0.3958,0.5096,0.4096,0.3185,0.4385,0.4285,0.2985
2000,QUERY_31,Pleural Other,33,0.4286,0.2667,0.4786,0.4086,0.3083,0.2874,0.3883,0.2883,0.3073,0.4273,0.4173,0.2873
2000,QUERY_32,"Support Devices,No Finding,Consolidation",34,0.4497,0.2708,0.4997,0.4297,0.4125,0.3831,0.4925,0.3925,0.344,0.464,0.454,0.324
2000,QUERY_33,"Fracture,Cardiomegaly",38,0.4823,0.2976,0.5323,0.4623,0.4048,0.3725,0.4848,0.3848,0.3694,0.4894,0.4794,0.3494
2000,QUERY_34,Edema,30,0.415,0.2338,0.465,0.395,0.393,0.3624,0.473,0.373,0.3485,0.4685,0.4585,0.3285
2000,QUERY_35,"No Finding,Edema,Fracture",36,0.372,0.2147,0.422,0.352,0.3168,0.2981,0.3968,0.2968,0.2437,0.3637,0.3537,0.2237
2000,QUERY_36,"Enlarged Cardiomediastinum,Pneumothorax",43,0.3874,0.218,0.4374,0.3674,0.387,0.3623,0.467,0.367,0.3321,0.4521,0.4421,0.3121
2000,QUERY_37,"No Finding,Lung Lesion",15,0.3671,0.2073,0.4171,0.3471,0.3397,0.3197,0.4197,0.3197,0.3039,0.4239,0.4139,0.2839
2000,QUERY_38,Enlarged Cardiomediastinum,38,0.4022,0.2441,0.4522,0.3822,0.3604,0.3413,0.4404,0.3404,0.2745,0.3945,0.3845,0.2545
2000,QUERY_39,"Cardiomegaly,Pneumothorax,Pneumonia",26,0.4189,0.252,0.4689,0.3989,0.3549,0.3314,0.4349,0.3349,0.2996,0.4196,0.4096,0.2796
2000,QUERY_40,Pneumonia,35,0.5457,0.3321,0.5957,0.5257,0.4519,0.4051,0.5319,0.4319,0.4332,0.5532,0.5432,0.4132
2000,QUERY_41,"No Finding,Pleural Other",31,0.4342,0.257,0.4842,0.4142,0.3865,0.3579,0.4665,0.3665,0.3044,0.4244,0.4144,0.2844
2000,QUERY_42,"Lung Opacity,Edema",44,0.4739,0.2712,0.5239,0.4539,0.4389,0.3976,0.5189,0.4189,0.3925,0.5125,0.5025,0.3725
2000,QUERY_43,"Pleural Other,Fracture,Edema",36,0.4767,0.2732,0.5267,0.4567,0.4445,0.4027,0.5245,0.4245,0.4187,0.5387,0.5287,0.3987
2000,QUERY_44,Atelectasis,26,0.4389,0.2752,0.4889,0.4189,0.3415,0.3197,0.4215,0.3215,0.2634,0.3834,0.3734,0.2434
2000,QUERY_45,"Support Devices,Pneumonia",15,0.4242,0.2669,0.4742,0.4042,0.3089,0.2903,0.3889,0.2889,0.2733,0.3933,0.3833,0.2533
2000,QUERY_46,"Consolidation,Fracture",42,0.5188,0.3206,0.5688,0.4988,0.4425,0.4033,0.5225,0.4225,0.4036,0.5236,0.5136,0.3836
2000,QUERY_47,Edema,31,0.3722,0.2143,0.4222,0.3522,0.3736,0.3546,0.4536,0.3536,0.2525,0.3725,0.3625,0.2325
2000,QUERY_48,Consolidation,33,0.4929,0.301,0.5429,0.4729,0.3797,0.3438,0.4597,0.3597,0.3958,0.5158,0.5058,0.3758
2000,QUERY_49,"Lung Opacity,Support Devices,Fracture",39,0.4585,0.2652,0.5085,0.4385,0.4303,0.3937,0.5103,0.4103,0.3794,0.4994,0.4894,0.3594
3000,QUERY_0,"Pleural Effusion,Pleural Other",47,0.5028,0.3069,0.5528,0.4828,0.4206,0.3827,0.5006,0.4006,0.3741,0.4941,0.4841,0.3541
3000,QUERY_1,Atelectasis,19,0.5482,0.3328,0.5982,0.5282,0.4965,0.4488,0.5765,0.4765,0.424,0.544,0.534,0.404
3000,QUERY_2,"Pleural Effusion,Pneumonia,Edema",23,0.5132,0.3125,0.5632,0.4932,0.4157,0.3754,0.4957,0.3957,0.3631,0.4831,0.4731,0.3431
3000,QUERY_3,Cardiomegaly,15,0.4005,0.2334,0.4505,0.3805,0.3711,0.3475,0.4511,0.3511,0.2714,0.3914,0.3814,0.2514
3000,QUERY_4,"Enlarged Cardiomediastinum,Cardiomegaly,Pleural Other",25,0.5348,0.3189,0.5848,0.5148,0.5138,0.4659,0.5938,0.4938,0.459,0.579,0.569,0.439
3000,QUERY_5,Fracture,22,0.4643,0.2723,0.5143,0.4443,0.3918,0.3558,0.4718,0.3718,0.3698,0.4898,0.4798,0.3498
3000,QUERY_6,"Pleural Other,Support Devices",38,0.4718,0.2814,0.5218,0.4518,0.3909,0.3557,0.4709,0.3709,0.3889,0.5089,0.4989,0.3689
3000,QUERY_7,"Pleural Other,Edema,Cardiomegaly",36,0.4653,0.2871,0.5153,0.4453,0.3765,0.3474,0.4565,0.3565,0.2889,0.4089,0.3989,0.2689
3000,QUERY_8,Enlarged Cardiomediastinum,38,0.4334,0.2485,0.4834,0.4134,0.4209,0.3885,0.5009,0.4009,0.3324,0.4524,0.4424,0.3124
3000,QUERY_9,"Pleural Other,Fracture",30,0.4668,0.2876,0.5168,0.4468,0.3504,0.3208,0.4304,0.3304,0.3226,0.4426,0.4326,0.3026
3000,QUERY_10,"Pneumonia,Pneumothorax,Enlarged Cardiomediastinum",41,0.4321,0.2506,0.4821,0.4121,0.4227,0.3919,0.5027,0.4027,0.3622,0.4822,0.4722,0.3422
3000,QUERY_11,"Atelectasis,Pleural Other",20,0.489,0.2904,0.539,0.469,0.4165,0.3772,0.4965,0.3965,0.3703,0.4903,0.4803,0.3503
3000,QUERY_12,"Lung Lesion,Pneumonia,Cardiomegaly",18,0.389,0.224,0.439,0.369,0.3875,0.365,0.4675,0.3675,0.3103,0.4303,0.4203,0.2903
3000,QUERY_13,"Support Devices,Atelectasis,Lung Lesion",36,0.5712,0.3576,0.6212,0.5512,0.4457,0.3989,0.5257,0.4257,0.4119,0.5319,0.5219,0.3919
3000,QUERY_14,"Lung Opacity,Enlarged Cardiomediastinum,Pleural Effusion",50,0.5633,0.3536,0.6133,0.5433,0.4638,0.419,0.5438,0.4438,0.425,0.545,0.535,0.405
3000,QUERY_15,"Pneumothorax,Pneumonia,Pleural Effusion",23,0.4398,0.2519,0.4898,0.4198,0.4416,0.4076,0.5216,0.4216,0.3542,0.4742,0.4642,0.3342
3000,QUERY_16,Cardiomegaly,47,0.4585,0.2687,0.5085,0.4385,0.3769,0.342,0.4569,0.3569,0.334,0.454,0.444,0.314
3000,QUERY_17,"No Finding,Pleural Effusion,Fracture",37,0.4616,0.264,0.5116,0.4416,0.4686,0.4298,0.5486,0.4486,0.3776,0.4976,0.4876,0.3576
3000,QUERY_18,"Edema,Atelectasis",20,0.4311,0.2463,0.4811,0.4111,0.429,0.3966,0.509,0.409,0.3759,0.4959,0.4859,0.3559
3000,QUERY_19,"Pneumonia,Consolidation",20,0.4339,0.271,0.4839,0.4139,0.3861,0.3647,0.4661,0.3661,0.3075,0.4275,0.4175,0.2875
3000,QUERY_20,Consolidation,41,0.5146,0.3031,0.5646,0.4946,0.442,0.3962,0.522,0.422,0.4303,0.5503,0.5403,0.4103
3000,QUERY_21,Pneumonia,40,0.5045,0.289,0.5545,0.4845,0.4907,0.4429,0.5707,0.4707,0.4302,0.5502,0.5402,0.4102
3000,QUERY_22,"Atelectasis,Pneumonia",44,0.4941,0.2838,0.5441,0.4741,0.4899,0.4447,0.5699,0.4699,0.4127,0.5327,0.5227,0.3927
3000,QUERY_23,Pleural Other,18,0.5293,0.3151,0.5793,0.5093,0.4755,0.4284,0.5555,0.4555,0.3779,0.4979,0.4879,0.3579
3000,QUERY_24,Lung Opacity,31,0.442,0.2514,0.492,0.422,0.4503,0.4149,0.5303,0.4303,0.3201,0.4401,0.4301,0.3001
3000,QUERY_25,"No Finding,Pleural Effusion",24,0.5342,0.3192,0.5842,0.5142,0.4531,0.4056,0.5331,0.4331,0.448,0.568,0.558,0.428
3000,QUERY_26,No Finding,32,0.4696,0.2864,0.5196,0.4496,0.3672,0.3356,0.4472,0.3472,0.337,0.457,0.447,0.317
3000,QUERY_27,"Enlarged Cardiomediastinum,Pneumonia,Support Devices",32,0.421,0.2517,0.471,0.401,0.3628,0.3381,0.4428,0.3428,0.3309,0.4509,0.4409,0.3109
3000,QUERY_28,Pleural Effusion,23,0.4134,0.2416,0.4634,0.3934,0.3848,0.3588,0.4648,0.3648,0.3114,0.4314,0.4214,0.2914
3000,QUERY_29,"Lung Lesion,Pneumothorax,Pneumonia",19,0.5277,0.3074,0.5777,0.5077,0.4986,0.4485,0.5786,0.4786,0.4341,0.5541,0.5441,0.4141
3000,QUERY_30,"Lung Opacity,Edema,Pneumonia",29,0.4557,0.2787,0.5057,0.4357,0.3791,0.3507,0.4591,0.3591,0.354,0.474,0.464,0.334
3000,QUERY_31,Pleural Other,31,0.5546,0.3343,0.6046,0.5346,0.4607,0.4105,0.5407,0.4407,0.3974,0.5174,0.5074,0.3774
3000,QUERY_32,"Enlarged Cardiomediastinum,No Finding",26,0.4514,0.28,0.5014,0.4314,0.3854,0.3597,0.4654,0.3654,0.3194,0.4394,0.4294,0.2994
3000,QUERY_33,"Support Devices,Pneumothorax,Lung Opacity",40,0.5532,0.3396,0.6032,0.5332,0.4795,0.4327,0.5595,0.4595,0.3906,0.5106,0.5006,0.3706
3000,QUERY_34,Pleural Other,41,0.4026,0.2367,0.4526,0.3826,0.3437,0.3207,0.4237,0.3237,0.3166,0.4366,0.4266,0.2966
3000,QUERY_35,"Enlarged Cardiomediastinum,Pleural Other",44,0.4823,0.2991,0.5323,0.4623,0.3861,0.3544,0.4661,0.3661,0.3539,0.4739,0.4639,0.3339
3000,QUERY_36,Lung Lesion,39,0.5387,0.3233,0.5887,0.5187,0.459,0.4113,0.539,0.439,0.4264,0.5464,0.5364,0.4064
3000,QUERY_37,"Fracture,Edema,No Finding",25,0.5713,0.3563,0.6213,0.5513,0.4925,0.445,0.5725,0.4725,0.3881,0.5081,0.4981,0.3681
3000,QUERY_38,Lung Lesion,24,0.3922,0.2228,0.4422,0.3722,0.3703,0.3456,0.4503,0.3503,0.3325,0.4525,0.4425,0.3125
3000,QUERY_39,"Cardiomegaly,Lung Opacity",20,0.5034,0.2998,0.5534,0.4834,0.4641,0.4223,0.5441,0.4441,0.4038,0.5238,0.5138,0.3838
3000,QUERY_40,"No Finding,Cardiomegaly,Fracture",33,0.4424,0.2799,0.4924,0.4224,0.3358,0.3146,0.4158,0.3158,0.2595,0.3795,0.3695,0.2395
3000,QUERY_41,Consolidation,26,0.4805,0.2958,0.5305,0.4605,0.4072,0.3749,0.4872,0.3872,0.3544,0.4744,0.4644,0.3344
3000,QUERY_42,Pneumonia,33,0.5134,0.3137,0.5634,0.4934,0.433,0.3931,0.513,0.413,0.3758,0.4958,0.4858,0.3558
3000,QUERY_43,"No Finding,Pneumothorax,Pneumonia",36,0.3821,0.2156,0.4321,0.3621,0.3437,0.3204,0.4237,0.3237,0.3278,0.4478,0.4378,0.3078
3000,QUERY_44,"Pneumothorax,Edema,Lung Lesion",22,0.4167,0.2374,0.4667,0.3967,0.3665,0.3368,0.4465,0.3465,0.31,0.43,0.42,0.29
3000,QUERY_45,Pneumothorax,48,0.5061,0.3141,0.5561,0.4861,0.4519,0.4159,0.5319,0.4319,0.3964,0.5164,0.5064,0.3764
3000,QUERY_46,"Lung Opacity,Cardiomegaly",20,0.5027,0.2862,0.5527,0.4827,0.5013,0.4531,0.5813,0.4813,0.4482,0.5682,0.5582,0.4282
3000,QUERY_47,"Cardiomegaly,Edema",36,0.4667,0.2763,0.5167,0.4467,0.4011,0.3659,0.4811,0.3811,0.3282,0.4482,0.4382,0.3082
3000,QUERY_48,"Pleural Effusion,Support Devices",20,0.4215,0.2462,0.4715,0.4015,0.4056,0.3779,0.4856,0.3856,0.3561,0.4761,0.4661,0.3361
3000,QUERY_49,"Lung Lesion,Pleural Effusion",25,0.4505,0.2787,0.5005,0.4305,0.3343,0.3084,0.4143,0.3143,0.2733,0.3933,0.3833,0.2533
4000,QUERY_0,"Lung Lesion,Pneumothorax,Fracture",32,0.6233,0.3846,0.6733,0.6033,0.5679,0.5086,0.6479,0.5479,0.4425,0.5625,0.5525,0.4225
4000,QUERY_1,"Consolidation,Pneumonia",29,0.5655,0.3328,0.6155,0.5455,0.5454,0.4891,0.6254,0.5254,0.451,0.571,0.561,0.431
4000,QUERY_2,"Enlarged Cardiomediastinum,Lung Lesion",19,0.5058,0.2981,0.5558,0.4858,0.4849,0.4411,0.5649,0.4649,0.3872,0.5072,0.4972,0.3672
4000,QUERY_3,Lung Opacity,20,0.6045,0.3738,0.6545,0.5845,0.5552,0.4998,0.6352,0.5352,0.4655,0.5855,0.5755,0.4455
4000,QUERY_4,"Fracture,Cardiomegaly",50,0.6704,0.4179,0.7204,0.6504,0.5474,0.4812,0.6274,0.5274,0.5112,0.6312,0.6212,0.4912
4000,QUERY_5,"Pleural Effusion,Pneumonia",40,0.536,0.3153,0.586,0.516,0.4866,0.4363,0.5666,0.4666,0.4265,0.5465,0.5365,0.4065
4000,QUERY_6,"Lung Lesion,Atelectasis,Pneumonia",35,0.5447,0.3122,0.5947,0.5247,0.4886,0.4324,0.5686,0.4686,0.4674,0.5874,0.5774,0.4474
4000,QUERY_7,"Lung Opacity,Pneumonia,Consolidation",30,0.4962,0.2831,0.5462,0.4762,0.5073,0.4608,0.5873,0.4873,0.4026,0.5226,0.5126,0.3826
4000,QUERY_8,"Pneumonia,Enlarged Cardiomediastinum,Pleural Other",44,0.5016,0.2991,0.5516,0.4816,0.4649,0.4237,0.5449,0.4449,0.3814,0.5014,0.4914,0.3614
4000,QUERY_9,"Lung Lesion,Edema,No Finding",28,0.6122,0.3829,0.6622,0.5922,0.5017,0.447,0.5817,0.4817,0.4245,0.5445,0.5345,0.4045
4000,QUERY_10,"Pleural Other,Fracture,Pneumothorax",41,0.5537,0.342,0.6037,0.5337,0.4314,0.3856,0.5114,0.4114,0.4468,0.5668,0.5568,0.4268
4000,QUERY_11,Cardiomegaly,48,0.5411,0.336,0.5911,0.5211,0.4671,0.4246,0.5471,0.4471,0.3821,0.5021,0.4921,0.3621
4000,QUERY_12,"Lung Opacity,Enlarged Cardiomediastinum",30,0.6407,0.3889,0.6907,0.6207,0.5345,0.4686,0.6145,0.5145,0.5354,0.6554,0.6454,0.5154
4000,QUERY_13,"Pneumothorax,Edema,Pleural Other",35,0.5532,0.3433,0.6032,0.5332,0.4503,0.4053,0.5303,0.4303,0.3686,0.4886,0.4786,0.3486
4000,QUERY_14,"Pneumothorax,Pneumonia,Consolidation",20,0.5334,0.3112,0.5834,0.5134,0.5286,0.4775,0.6086,0.5086,0.471,0.591,0.581,0.451
4000,QUERY_15,Support Devices,26,0.5773,0.3444,0.6273,0.5573,0.5336,0.4772,0.6136,0.5136,0.4922,0.6122,0.6022,0.4722
4000,QUERY_16,"Consolidation,Lung Lesion",21,0.6685,0.4103,0.7185,0.6485,0.5719,0.5029,0.6519,0.5519,0.5477,0.6677,0.6577,0.5277
4000,QUERY_17,"Pneumothorax,Pneumonia",16,0.6178,0.3704,0.6678,0.5978,0.5244,0.4607,0.6044,0.5044,0.473,0.593,0.583,0.453
4000,QUERY_18,"Lung Lesion,Pneumothorax,Support Devices",24,0.5778,0.3484,0.6278,0.5578,0.5145,0.4599,0.5945,0.4945,0.4216,0.5416,0.5316,0.4016
4000,QUERY_19,"Enlarged Cardiomediastinum,Support Devices",44,0.5546,0.3381,0.6046,0.5346,0.4493,0.4011,0.5293,0.4293,0.4276,0.5476,0.5376,0.4076
4000,QUERY_20,"Cardiomegaly,Lung Opacity",34,0.5397,0.3269,0.5897,0.5197,0.4828,0.4364,0.5628,0.4628,0.4398,0.5598,0.5498,0.4198
4000,QUERY_21,"Pleural Other,Lung Opacity,Lung Lesion",45,0.5101,0.3109,0.5601,0.4901,0.4626,0.423,0.5426,0.4426,0.3585,0.4785,0.4685,0.3385
4000,QUERY_22,"Pneumothorax,Consolidation",19,0.5707,0.3347,0.6207,0.5507,0.5322,0.4742,0.6122,0.5122,0.4323,0.5523,0.5423,0.4123
4000,QUERY_23,Pneumonia,41,0.5213,0.3055,0.5713,0.5013,0.4783,0.4304,0.5583,0.4583,0.3822,0.5022,0.4922,0.3622
4000,QUERY_24,"Enlarged Cardiomediastinum,Lung Opacity",39,0.6226,0.3842,0.6726,0.6026,0.5264,0.4673,0.6064,0.5064,0.5122,0.6322,0.6222,0.4922
4000,QUERY_25,Lung Lesion,31,0.4765,0.2758,0.5265,0.4565,0.4157,0.3753,0.4957,0.3957,0.3981,0.5181,0.5081,0.3781
4000,QUERY_26,Lung Opacity,43,0.5058,0.3042,0.5558,0.4858,0.4103,0.3695,0.4903,0.3903,0.358,0.478,0.468,0.338
4000,QUERY_27,Lung Opacity,31,0.5654,0.3415,0.6154,0.5454,0.5336,0.4816,0.6136,0.5136,0.4612,0.5812,0.5712,0.4412
4000,QUERY_28,"Lung Opacity,Enlarged Cardiomediastinum",32,0.5727,0.3345,0.6227,0.5527,0.5404,0.4813,0.6204,0.5204,0.4793,0.5993,0.5893,0.4593
4000,QUERY_29,"Support Devices,Cardiomegaly,Lung Opacity",46,0.584,0.3419,0.634,0.564,0.5184,0.4574,0.5984,0.4984,0.4766,0.5966,0.5866,0.4566
4000,QUERY_30,Enlarged Cardiomediastinum,31,0.5954,0.3675,0.6454,0.5754,0.5413,0.4874,0.6213,0.5213,0.4388,0.5588,0.5488,0.4188
4000,QUERY_31,"Consolidation,Lung Lesion",36,0.6544,0.3978,0.7044,0.6344,0.6046,0.5362,0.6846,0.5846,0.5595,0.6795,0.6695,0.5395
4000,QUERY_32,No Finding,22,0.5208,0.3167,0.5708,0.5008,0.4322,0.3901,0.5122,0.4122,0.4135,0.5335,0.5235,0.3935
4000,QUERY_33,"Consolidation,Atelectasis",34,0.5564,0.3193,0.6064,0.5364,0.5544,0.4958,0.6344,0.5344,0.4778,0.5978,0.5878,0.4578
4000,QUERY_34,"Lung Lesion,Enlarged Cardiomediastinum",26,0.5526,0.3405,0.6026,0.5326,0.4951,0.4491,0.5751,0.4751,0.3742,0.4942,0.4842,0.3542
4000,QUERY_35,"Lung Lesion,Fracture",41,0.6507,0.3928,0.7007,0.6307,0.6018,0.5329,0.6818,0.5818,0.5565,0.6765,0.6665,0.5365
4000,QUERY_36,No Finding,35,0.599,0.3669,0.649,0.579,0.5103,0.4543,0.5903,0.4903,0.4276,0.5476,0.5376,0.4076
4000,QUERY_37,"Pneumonia,Enlarged Cardiomediastinum",28,0.5187,0.3194,0.5687,0.4987,0.4324,0.3927,0.5124,0.4124,0.3674,0.4874,0.4774,0.3474
4000,QUERY_38,"Consolidation,Lung Opacity,Pleural Effusion",15,0.5255,0.307,0.5755,0.5055,0.484,0.4348,0.564,0.464,0.4352,0.5552,0.5452,0.4152
4000,QUERY_39,"Enlarged Cardiomediastinum,Edema",49,0.5243,0.3113,0.5743,0.5043,0.4804,0.4339,0.5604,0.4604,0.4054,0.5254,0.5154,0.3854
4000,QUERY_40,Support Devices,31,0.6074,0.3506,0.6574,0.5874,0.6064,0.538,0.6864,0.5864,0.483,0.603,0.593,0.463
4000,QUERY_41,Lung Lesion,45,0.6069,0.3599,0.6569,0.5869,0.5739,0.5104,0.6539,0.5539,0.5213,0.6413,0.6313,0.5013
4000,QUERY_42,"No Finding,Consolidation",25,0.5687,0.3527,0.6187,0.5487,0.4902,0.4422,0.5702,0.4702,0.3999,0.5199,0.5099,0.3799
4000,QUERY_43,Pneumonia,23,0.5056,0.2966,0.5556,0.4856,0.4814,0.4369,0.5614,0.4614,0.442,0.562,0.552,0.422
4000,QUERY_44,"Atelectasis,Pleural Other",27,0.6113,0.3755,0.6613,0.5913,0.5301,0.4722,0.6101,0.5101,0.5072,0.6272,0.6172,0.4872
4000,QUERY_45,"Edema,Pneumonia,Fracture",23,0.6154,0.3698,0.6654,0.5954,0.5549,0.4921,0.6349,0.5349,0.4645,0.5845,0.5745,0.4445
4000,QUERY_46,"Cardiomegaly,Consolidation",34,0.5001,0.2869,0.5501,0.4801,0.4921,0.4454,0.5721,0.4721,0.3737,0.4937,0.4837,0.3537
4000,QUERY_47,"No Finding,Consolidation",38,0.5265,0.3206,0.5765,0.5065,0.4486,0.4057,0.5286,0.4286,0.3999,0.5199,0.5099,0.3799
4000,QUERY_48,"Lung Opacity,Pleural Other,Support Devices",21,0.5762,0.3439,0.6262,0.5562,0.4983,0.4421,0.5783,0.4783,0.4225,0.5425,0.5325,0.4025
4000,QUERY_49,Edema,45,0.6081,0.3743,0.6581,0.5881,0.5642,0.5073,0.6442,0.5442,0.429,0.549,0.539,0.409
5000,QUERY_0,"Pneumonia,No Finding,Fracture",36,0.5311,0.31,0.5811,0.5111,0.5052,0.4546,0.5852,0.4852,0.4105,0.5305,0.5205,0.3905
5000,QUERY_1,Enlarged Cardiomediastinum,31,0.5892,0.3489,0.6392,0.5692,0.5402,0.4801,0.6202,0.5202,0.517,0.637,0.627,0.497
5000,QUERY_2,"Lung Opacity,Fracture,Atelectasis",23,0.5338,0.3159,0.5838,0.5138,0.4947,0.4458,0.5747,0.4747,0.4547,0.5747,0.5647,0.4347
5000,QUERY_3,"Pneumonia,Pneumothorax",48,0.4997,0.294,0.5497,0.4797,0.4222,0.3793,0.5022,0.4022,0.4311,0.5511,0.5411,0.4111
5000,QUERY_4,No Finding,32,0.5855,0.3373,0.6355,0.5655,0.5755,0.5114,0.6555,0.5555,0.5088,0.6288,0.6188,0.4888
5000,QUERY_5,"Pleural Effusion,Fracture,Support Devices",20,0.483,0.2892,0.533,0.463,0.4118,0.3749,0.4918,0.3918,0.3345,0.4545,0.4445,0.3145
5000,QUERY_6,Fracture,32,0.4608,0.2658,0.5108,0.4408,0.4542,0.4167,0.5342,0.4342,0.3911,0.5111,0.5011,0.3711
5000,QUERY_7,"Pleural Other,Enlarged Cardiomediastinum,Consolidation",33,0.4589,0.2632,0.5089,0.4389,0.4623,0.4244,0.5423,0.4423,0.3581,0.4781,0.4681,0.3381
5000,QUERY_8,"Atelectasis,Lung Opacity,Fracture",20,0.5001,0.3026,0.5501,0.4801,0.3959,0.3571,0.4759,0.3759,0.3398,0.4598,0.4498,0.3198
5000,QUERY_9,Lung Lesion,32,0.5671,0.3254,0.6171,0.5471,0.5509,0.49,0.6309,0.5309,0.5183,0.6383,0.6283,0.4983
5000,QUERY_10,Pneumonia,45,0.5701,0.3397,0.6201,0.5501,0.4797,0.4245,0.5597,0.4597,0.4334,0.5534,0.5434,0.4134
5000,QUERY_11,"Consolidation,Fracture",18,0.4793,0.2827,0.5293,0.4593,0.4278,0.3895,0.5078,0.4078,0.3938,0.5138,0.5038,0.3738
5000,QUERY_12,"Pneumothorax,Atelectasis",29,0.568,0.333,0.618,0.548,0.4997,0.4422,0.5797,0.4797,0.4631,0.5831,0.5731,0.4431
5000,QUERY_13,"Pneumothorax,Enlarged Cardiomediastinum,Pneumonia",50,0.533,0.3124,0.583,0.513,0.5209,0.4706,0.6009,0.5009,0.4181,0.5381,0.5281,0.3981
5000,QUERY_14,No Finding,21,0.5172,0.2993,0.5672,0.4972,0.5084,0.4594,0.5884,0.4884,0.4585,0.5785,0.5685,0.4385
5000,QUERY_15,"Atelectasis,Pleural Effusion",34,0.5583,0.3406,0.6083,0.5383,0.5119,0.4631,0.5919,0.4919,0.4327,0.5527,0.5427,0.4127
5000,QUERY_16,"Support Devices,Pleural Other",38,0.5169,0.2952,0.5669,0.4969,0.4807,0.4299,0.5607,0.4607,0.4196,0.5396,0.5296,0.3996
5000,QUERY_17,"Pleural Other,Pleural Effusion",44,0.5653,0.3302,0.6153,0.5453,0.5143,0.4567,0.5943,0.4943,0.4961,0.6161,0.6061,0.4761
5000,QUERY_18,"Cardiomegaly,Pleural Effusion,Consolidation",42,0.57,0.3332,0.62,0.55,0.5376,0.4792,0.6176,0.5176,0.4665,0.5865,0.5765,0.4465
5000,QUERY_19,Atelectasis,15,0.6678,0.4154,0.7178,0.6478,0.6068,0.5406,0.6868,0.5868,0.5309,0.6509,0.6409,0.5109
5000,QUERY_20,"Enlarged Cardiomediastinum,Support Devices,Pneumonia",27,0.6056,0.3544,0.6556,0.5856,0.5596,0.494,0.6396,0.5396,0.5027,0.6227,0.6127,0.4827
5000,QUERY_21,Lung Opacity,35,0.5275,0.3243,0.5775,0.5075,0.4378,0.3962,0.5178,0.4178,0.4032,0.5232,0.5132,0.3832
5000,QUERY_22,"Consolidation,Support Devices,Pneumothorax",49,0.535,0.3333,0.585,0.515,0.4487,0.4078,0.5287,0.4287,0.3916,0.5116,0.5016,0.3716
5000,QUERY_23,"Edema,Pneumothorax",40,0.5666,0.329,0.6166,0.5466,0.5465,0.4878,0.6265,0.5265,0.4532,0.5732,0.5632,0.4332
5000,QUERY_24,Lung Opacity,44,0.5466,0.3332,0.5966,0.5266,0.4612,0.4145,0.5412,0.4412,0.4515,0.5715,0.5615,0.4315
5000,QUERY_25,"Lung Opacity,Atelectasis",21,0.6093,0.3595,0.6593,0.5893,0.6038,0.539,0.6838,0.5838,0.492,0.612,0.602,0.472
5000,QUERY_26,Pneumothorax,19,0.5609,0.3473,0.6109,0.5409,0.465,0.4182,0.545,0.445,0.4332,0.5532,0.5432,0.4132
5000,QUERY_27,"Consolidation,Enlarged Cardiomediastinum",48,0.5079,0.2991,0.5579,0.4879,0.4837,0.4393,0.5637,0.4637,0.4346,0.5546,0.5446,0.4146
5000,QUERY_28,"Pleural Effusion,Atelectasis,Pleural Other",33,0.5705,0.335,0.6205,0.5505,0.5606,0.5029,0.6406,0.5406,0.4308,0.5508,0.5408,0.4108
5000,QUERY_29,"Lung Lesion,Pneumonia,Enlarged Cardiomediastinum",46,0.5156,0.2982,0.5656,0.4956,0.501,0.4523,0.581,0.481,0.4219,0.5419,0.5319,0.4019
5000,QUERY_30,"Enlarged Cardiomediastinum,Lung Lesion",38,0.5154,0.314,0.5654,0.4954,0.4513,0.4106,0.5313,0.4313,0.364,0.484,0.474,0.344
5000,QUERY_31,"Support Devices,Edema",49,0.5692,0.3347,0.6192,0.5492,0.5092,0.452,0.5892,0.4892,0.4701,0.5901,0.5801,0.4501
5000,QUERY_32,"Fracture,Pleural Effusion",42,0.5176,0.3163,0.5676,0.4976,0.4522,0.4116,0.5322,0.4322,0.4045,0.5245,0.5145,0.3845
5000,QUERY_33,Enlarged Cardiomediastinum,38,0.5283,0.3295,0.5783,0.5083,0.4206,0.3812,0.5006,0.4006,0.3548,0.4748,0.4648,0.3348
5000,QUERY_34,Edema,39,0.6499,0.4008,0.6999,0.6299,0.5506,0.4861,0.6306,0.5306,0.4872,0.6072,0.5972,0.4672
5000,QUERY_35,Fracture,20,0.6543,0.4081,0.7043,0.6343,0.5519,0.4888,0.6319,0.5319,0.5115,0.6315,0.6215,0.4915
5000,QUERY_36,"Pleural Other,Pneumothorax",19,0.5686,0.3417,0.6186,0.5486,0.5107,0.4573,0.5907,0.4907,0.4408,0.5608,0.5508,0.4208
5000,QUERY_37,"Lung Opacity,Pneumonia,Atelectasis",43,0.5442,0.3264,0.5942,0.5242,0.5111,0.4622,0.5911,0.4911,0.412,0.532,0.522,0.392
5000,QUERY_38,"Lung Opacity,Pleural Effusion",50,0.5497,0.3326,0.5997,0.5297,0.4966,0.4481,0.5766,0.4766,0.4623,0.5823,0.5723,0.4423
5000,QUERY_39,Lung Opacity,16,0.5796,0.3355,0.6296,0.5596,0.5125,0.4504,0.5925,0.4925,0.4934,0.6134,0.6034,0.4734
5000,QUERY_40,"Edema,Support Devices,Pleural Other",48,0.5365,0.3135,0.5865,0.5165,0.5078,0.4563,0.5878,0.4878,0.4522,0.5722,0.5622,0.4322
5000,QUERY_41,"Pneumothorax,Pleural Effusion",32,0.6287,0.3926,0.6787,0.6087,0.5103,0.4523,0.5903,0.4903,0.506,0.626,0.616,0.486
5000,QUERY_42,"Pleural Other,Pneumonia,Lung Opacity",47,0.5239,0.3158,0.5739,0.5039,0.4586,0.4145,0.5386,0.4386,0.4213,0.5413,0.5313,0.4013
5000,QUERY_43,"Pleural Effusion,Fracture",44,0.5703,0.3534,0.6203,0.5503,0.4647,0.4162,0.5447,0.4447,0.3833,0.5033,0.4933,0.3633
5000,QUERY_44,"Edema,Pneumonia,Lung Opacity",35,0.5907,0.3541,0.6407,0.5707,0.5606,0.5023,0.6406,0.5406,0.4399,0.5599,0.5499,0.4199
5000,QUERY_45,"Pneumothorax,Edema,Pneumonia",40,0.617,0.365,0.667,0.597,0.5652,0.4992,0.6452,0.5452,0.522,0.642,0.632,0.502
5000,QUERY_46,Pleural Effusion,36,0.5635,0.3367,0.6135,0.5435,0.4702,0.4168,0.5502,0.4502,0.4765,0.5965,0.5865,0.4565
5000,QUERY_47,Lung Opacity,46,0.6075,0.3669,0.6575,0.5875,0.5239,0.4636,0.6039,0.5039,0.5144,0.6344,0.6244,0.4944
5000,QUERY_48,"Lung Lesion,Lung Opacity",32,0.642,0.3924,0.692,0.622,0.5514,0.4866,0.6314,0.5314,0.5232,0.6432,0.6332,0.5032
5000,QUERY_49,"Lung Opacity,Pleural Other",43,0.5935,0.3715,0.6435,0.5735,0.4687,0.4177,0.5487,0.4487,0.4713,0.5913,0.5813,0.4513
6000,QUERY_0,Atelectasis,22,0.6752,0.4197,0.7252,0.6552,0.5739,0.5061,0.6539,0.5539,0.4853,0.6053,0.5953,0.4653
6000,QUERY_1,"Atelectasis,Support Devices",42,0.5386,0.3094,0.5886,0.5186,0.4966,0.442,0.5766,0.4766,0.4786,0.5986,0.5886,0.4586
6000,QUERY_2,"Cardiomegaly,Pleural Effusion",28,0.5674,0.3281,0.6174,0.5474,0.5095,0.4499,0.5895,0.4895,0.4453,0.5653,0.5553,0.4253
6000,QUERY_3,Enlarged Cardiomediastinum,30,0.7208,0.4485,0.7708,0.7008,0.5836,0.5074,0.6636,0.5636,0.5936,0.7136,0.7036,0.5736
6000,QUERY_4,"No Finding,Lung Opacity",30,0.6708,0.4108,0.7208,0.6508,0.5598,0.4898,0.6398,0.5398,0.5084,0.6284,0.6184,0.4884
6000,QUERY_5,Cardiomegaly,15,0.562,0.3316,0.612,0.542,0.4929,0.4377,0.5729,0.4729,0.44,0.56,0.55,0.42
6000,QUERY_6,"Cardiomegaly,Edema",29,0.6117,0.3669,0.6617,0.5917,0.5265,0.4641,0.6065,0.5065,0.4767,0.5967,0.5867,0.4567
6000,QUERY_7,"Pleural Other,Enlarged Cardiomediastinum",48,0.5968,0.3466,0.6468,0.5768,0.5337,0.4686,0.6137,0.5137,0.4805,0.6005,0.5905,0.4605
6000,QUERY_8,"Lung Opacity,Consolidation,No Finding",39,0.5671,0.3253,0.6171,0.5471,0.5589,0.498,0.6389,0.5389,0.4728,0.5928,0.5828,0.4528
6000,QUERY_9,"Edema,No Finding,Pleural Other",36,0.657,0.4023,0.707,0.637,0.5462,0.4789,0.6262,0.5262,0.5238,0.6438,0.6338,0.5038
6000,QUERY_10,Fracture,19,0.6757,0.412,0.7257,0.6557,0.5605,0.4887,0.6405,0.5405,0.5312,0.6512,0.6412,0.5112
6000,QUERY_11,Fracture,25,0.7022,0.423,0.7522,0.6822,0.6473,0.5677,0.7273,0.6273,0.5915,0.7115,0.7015,0.5715
6000,QUERY_12,"Support Devices,No Finding",17,0.7107,0.4422,0.7607,0.6907,0.5946,0.5204,0.6746,0.5746,0.5805,0.7005,0.6905,0.5605
6000,QUERY_13,"Fracture,Enlarged Cardiomediastinum,Pneumothorax",33,0.7136,0.4317,0.7636,0.6936,0.6364,0.5554,0.7164,0.6164,0.5674,0.6874,0.6774,0.5474
6000,QUERY_14,Lung Lesion,40,0.5944,0.3515,0.6444,0.5744,0.5596,0.4981,0.6396,0.5396,0.5042,0.6242,0.6142,0.4842
6000,QUERY_15,Edema,25,0.5534,0.3234,0.6034,0.5334,0.5528,0.4978,0.6328,0.5328,0.4467,0.5667,0.5567,0.4267
6000,QUERY_16,"Pleural Other,Pneumothorax",48,0.6117,0.3711,0.6617,0.5917,0.5771,0.5169,0.6571,0.5571,0.4655,0.5855,0.5755,0.4455
6000,QUERY_17,"Pneumothorax,Pleural Effusion",38,0.604,0.3517,0.654,0.584,0.5416,0.4754,0.6216,0.5216,0.5454,0.6654,0.6554,0.5254
6000,QUERY_18,"Atelectasis,Edema,Enlarged Cardiomediastinum",16,0.5769,0.3424,0.6269,0.5569,0.494,0.4368,0.574,0.474,0.4631,0.5831,0.5731,0.4431
6000,QUERY_19,"Pneumonia,No Finding",45,0.704,0.4195,0.754,0.684,0.6261,0.5438,0.7061,0.6061,0.5747,0.6947,0.6847,0.5547
6000,QUERY_20,"Enlarged Cardiomediastinum,Support Devices",40,0.6367,0.396,0.6867,0.6167,0.5331,0.4728,0.6131,0.5131,0.4542,0.5742,0.5642,0.4342
6000,QUERY_21,"Pleural Effusion,Pleural Other",44,0.6071,0.3618,0.6571,0.5871,0.5778,0.5151,0.6578,0.5578,0.5185,0.6385,0.6285,0.4985
6000,QUERY_22,"Atelectasis,Pleural Other",21,0.5759,0.3435,0.6259,0.5559,0.5365,0.4803,0.6165,0.5165,0.4297,0.5497,0.5397,0.4097
6000,QUERY_23,"Enlarged Cardiomediastinum,Pneumonia",30,0.6361,0.3812,0.6861,0.6161,0.5409,0.4735,0.6209,0.5209,0.4837,0.6037,0.5937,0.4637
6000,QUERY_24,"Pleural Other,Lung Opacity,Fracture",28,0.5666,0.3263,0.6166,0.5466,0.5143,0.4542,0.5943,0.4943,0.4892,0.6092,0.5992,0.4692
6000,QUERY_25,"Fracture,Pneumothorax,Atelectasis",15,0.5671,0.3255,0.6171,0.5471,0.539,0.4782,0.619,0.519,0.4529,0.5729,0.5629,0.4329
6000,QUERY_26,"Pleural Effusion,Pneumonia,Support Devices",17,0.7199,0.4438,0.7699,0.6999,0.6437,0.5656,0.7237,0.6237,0.5766,0.6966,0.6866,0.5566
6000,QUERY_27,Atelectasis,35,0.6481,0.3827,0.6981,0.6281,0.6367,0.564,0.7167,0.6167,0.5639,0.6839,0.6739,0.5439
6000,QUERY_28,Support Devices,48,0.6694,0.3931,0.7194,0.6494,0.6436,0.5655,0.7236,0.6236,0.563,0.683,0.673,0.543
6000,QUERY_29,"Atelectasis,Lung Lesion,Edema",45,0.6775,0.3992,0.7275,0.6575,0.6458,0.5667,0.7258,0.6258,0.5895,0.7095,0.6995,0.5695
6000,QUERY_30,Fracture,38,0.5474,0.3188,0.5974,0.5274,0.4875,0.4332,0.5675,0.4675,0.4555,0.5755,0.5655,0.4355
6000,QUERY_31,Pleural Effusion,19,0.6485,0.3987,0.6985,0.6285,0.5754,0.5105,0.6554,0.5554,0.4908,0.6108,0.6008,0.4708
6000,QUERY_32,Support Devices,49,0.6391,0.3784,0.6891,0.6191,0.5612,0.4908,0.6412,0.5412,0.5707,0.6907,0.6807,0.5507
6000,QUERY_33,"Support Devices,Lung Lesion",47,0.6321,0.37,0.6821,0.6121,0.6261,0.555,0.7061,0.6061,0.5458,0.6658,0.6558,0.5258
6000,QUERY_34,"Pneumothorax,Lung Opacity",43,0.6592,0.3839,0.7092,0.6392,0.6299,0.5522,0.7099,0.6099,0.5361,0.6561,0.6461,0.5161
6000,QUERY_35,Enlarged Cardiomediastinum,21,0.6244,0.3876,0.6744,0.6044,0.5197,0.4613,0.5997,0.4997,0.4601,0.5801,0.5701,0.4401
6000,QUERY_36,Pleural Other,46,0.6723,0.3958,0.7223,0.6523,0.666,0.5878,0.746,0.646,0.5343,0.6543,0.6443,0.5143
6000,QUERY_37,"Cardiomegaly,Enlarged Cardiomediastinum",24,0.6129,0.3727,0.6629,0.5929,0.521,0.4609,0.601,0.501,0.4614,0.5814,0.5714,0.4414
6000,QUERY_38,"Consolidation,Lung Opacity",15,0.6874,0.4183,0.7374,0.6674,0.5882,0.5137,0.6682,0.5682,0.5458,0.6658,0.6558,0.5258
6000,QUERY_39,"Cardiomegaly,Lung Opacity,Pneumothorax",22,0.7021,0.4302,0.7521,0.6821,0.6314,0.5554,0.7114,0.6114,0.527,0.647,0.637,0.507
6000,QUERY_40,Edema,35,0.6894,0.4087,0.7394,0.6694,0.6621,0.5818,0.7421,0.6421,0.5957,0.7157,0.7057,0.5757
6000,QUERY_41,"Lung Opacity,Edema,Pneumonia",27,0.6086,0.3766,0.6586,0.5886,0.5077,0.4517,0.5877,0.4877,0.4715,0.5915,0.5815,0.4515
6000,QUERY_42,"Cardiomegaly,Lung Lesion",16,0.63,0.3656,0.68,0.61,0.6394,0.5672,0.7194,0.6194,0.574,0.694,0.684,0.554
6000,QUERY_43,"Consolidation,Edema",34,0.6627,0.3847,0.7127,0.6427,0.6203,0.5413,0.7003,0.6003,0.5924,0.7124,0.7024,0.5724
6000,QUERY_44,"Pneumonia,Lung Lesion",27,0.6615,0.3903,0.7115,0.6415,0.6193,0.5438,0.6993,0.5993,0.5503,0.6703,0.6603,0.5303
6000,QUERY_45,"Fracture,Support Devices,Enlarged Cardiomediastinum",37,0.6177,0.3821,0.6677,0.5977,0.5453,0.4875,0.6253,0.5253,0.4811,0.6011,0.5911,0.4611
6000,QUERY_46,"Support Devices,Edema,Enlarged Cardiomediastinum",35,0.69,0.4123,0.74,0.67,0.6143,0.5354,0.6943,0.5943,0.5809,0.7009,0.6909,0.5609
6000,QUERY_47,"Atelectasis,Edema,Pneumothorax",43,0.6231,0.3607,0.6731,0.6031,0.5979,0.5267,0.6779,0.5779,0.5188,0.6388,0.6288,0.4988
6000,QUERY_48,"Lung Lesion,Atelectasis",40,0.6254,0.3862,0.6754,0.6054,0.5061,0.4465,0.5861,0.4861,0.4935,0.6135,0.6035,0.4735
6000,QUERY_49,"Enlarged Cardiomediastinum,Edema",31,0.6173,0.3566,0.6673,0.5973,0.6228,0.5525,0.7028,0.6028,0.5465,0.6665,0.6565,0.5265
7000,QUERY_0,"Lung Opacity,Pleural Other",50,0.6394,0.3946,0.6894,0.6194,0.5242,0.4617,0.6042,0.5042,0.5253,0.6453,0.6353,0.5053
7000,QUERY_1,Pneumothorax,46,0.5932,0.3432,0.6432,0.5732,0.5814,0.5164,0.6614,0.5614,0.528,0.648,0.638,0.508
7000,QUERY_2,Pneumonia,22,0.6416,0.3781,0.6916,0.6216,0.6384,0.5667,0.7184,0.6184,0.5364,0.6564,0.6464,0.5164
7000,QUERY_3,"Edema,Pneumonia",24,0.5418,0.3097,0.5918,0.5218,0.5353,0.4793,0.6153,0.5153,0.4438,0.5638,0.5538,0.4238
7000,QUERY_4,"No Finding,Enlarged Cardiomediastinum,Pneumothorax",46,0.6736,0.4182,0.7236,0.6536,0.5578,0.49,0.6378,0.5378,0.4927,0.6127,0.6027,0.4727
7000,QUERY_5,Fracture,46,0.5473,0.3237,0.5973,0.5273,0.4706,0.4188,0.5506,0.4506,0.4766,0.5966,0.5866,0.4566
7000,QUERY_6,"Cardiomegaly,Pneumonia",49,0.6339,0.3849,0.6839,0.6139,0.5307,0.4662,0.6107,0.5107,0.4718,0.5918,0.5818,0.4518
7000,QUERY_7,"Cardiomegaly,Lung Opacity",19,0.6675,0.4148,0.7175,0.6475,0.5599,0.4935,0.6399,0.5399,0.5396,0.6596,0.6496,0.5196
7000,QUERY_8,"Lung Lesion,No Finding",21,0.5622,0.3413,0.6122,0.5422,0.5147,0.4643,0.5947,0.4947,0.4475,0.5675,0.5575,0.4275
7000,QUERY_9,No Finding,15,0.5143,0.2967,0.5643,0.4943,0.4769,0.4282,0.5569,0.4569,0.4035,0.5235,0.5135,0.3835
7000,QUERY_10,"Pleural Other,Cardiomegaly,Pneumonia",27,0.6207,0.3579,0.6707,0.6007,0.5906,0.5192,0.6706,0.5706,0.5159,0.6359,0.6259,0.4959
7000,QUERY_11,Lung Lesion,44,0.6492,0.3779,0.6992,0.6292,0.5911,0.5154,0.6711,0.5711,0.5325,0.6525,0.6425,0.5125
7000,QUERY_12,No Finding,43,0.6517,0.3803,0.7017,0.6317,0.6124,0.5367,0.6924,0.5924,0.559,0.679,0.669,0.539
7000,QUERY_13,Edema,46,0.5601,0.3332,0.6101,0.5401,0.5182,0.4647,0.5982,0.4982,0.4745,0.5945,0.5845,0.4545
7000,QUERY_14,"Support Devices,Atelectasis",23,0.5838,0.3628,0.6338,0.5638,0.5114,0.4609,0.5914,0.4914,0.4183,0.5383,0.5283,0.3983
7000,QUERY_15,"Edema,Consolidation,No Finding",49,0.6748,0.4051,0.7248,0.6548,0.6281,0.5533,0.7081,0.6081,0.5695,0.6895,0.6795,0.5495
7000,QUERY_16,"Support Devices,Lung Lesion,Pleural Effusion",43,0.6487,0.3894,0.6987,0.6287,0.5839,0.5142,0.6639,0.5639,0.4989,0.6189,0.6089,0.4789
7000,QUERY_17,"Lung Opacity,Pneumonia",30,0.5203,0.3007,0.5703,0.5003,0.5183,0.4685,0.5983,0.4983,0.4234,0.5434,0.5334,0.4034
7000,QUERY_18,"Atelectasis,Lung Opacity,Pleural Effusion",16,0.5886,0.3457,0.6386,0.5686,0.5106,0.4492,0.5906,0.4906,0.4478,0.5678,0.5578,0.4278
7000,QUERY_19,"Cardiomegaly,Lung Opacity",40,0.6689,0.4097,0.7189,0.6489,0.6236,0.554,0.7036,0.6036,0.5063,0.6263,0.6163,0.4863
7000,QUERY_20,"Support Devices,Pneumonia,Lung Lesion",21,0.5382,0.3164,0.5882,0.5182,0.5208,0.4699,0.6008,0.5008,0.4246,0.5446,0.5346,0.4046
7000,QUERY_21,"Edema,Lung Lesion,Enlarged Cardiomediastinum",28,0.6681,0.4028,0.7181,0.6481,0.6066,0.5339,0.6866,0.5866,0.5671,0.6871,0.6771,0.5471
7000,QUERY_22,"Pleural Other,Pneumonia,Consolidation",29,0.5556,0.3336,0.6056,0.5356,0.4705,0.4195,0.5505,0.4505,0.428,0.548,0.538,0.408
7000,QUERY_23,Lung Opacity,33,0.5583,0.3312,0.6083,0.5383,0.5122,0.4586,0.5922,0.4922,0.4663,0.5863,0.5763,0.4463
7000,QUERY_24,Support Devices,16,0.5514,0.3281,0.6014,0.5314,0.5122,0.4606,0.5922,0.4922,0.4197,0.5397,0.5297,0.3997
7000,QUERY_25,"Lung Opacity,Fracture,No Finding",33,0.6594,0.4052,0.7094,0.6394,0.5892,0.5221,0.6692,0.5692,0.5096,0.6296,0.6196,0.4896
7000,QUERY_26,Pleural Other,41,0.6725,0.4193,0.7225,0.6525,0.5942,0.5275,0.6742,0.5742,0.5005,0.6205,0.6105,0.4805
7000,QUERY_27,"Lung Lesion,Lung Opacity",18,0.5843,0.3426,0.6343,0.5643,0.5229,0.462,0.6029,0.5029,0.4993,0.6193,0.6093,0.4793
7000,QUERY_28,"Support Devices,Pneumothorax",15,0.6755,0.4177,0.7255,0.6555,0.558,0.4891,0.638,0.538,0.5253,0.6453,0.6353,0.5053
7000,QUERY_29,"Enlarged Cardiomediastinum,Edema,No Finding",24,0.5869,0.3383,0.6369,0.5669,0.5996,0.5353,0.6796,0.5796,0.4852,0.6052,0.5952,0.4652
7000,QUERY_30,"Pleural Effusion,Enlarged Cardiomediastinum",43,0.6997,0.4285,0.7497,0.6797,0.6281,0.5525,0.7081,0.6081,0.575,0.695,0.685,0.555
7000,QUERY_31,Pleural Effusion,45,0.6693,0.4132,0.7193,0.6493,0.6114,0.5433,0.6914,0.5914,0.4947,0.6147,0.6047,0.4747
7000,QUERY_32,"Fracture,Consolidation",37,0.628,0.3626,0.678,0.608,0.5883,0.5156,0.6683,0.5683,0.5547,0.6747,0.6647,0.5347
7000,QUERY_33,"Pleural Effusion,Edema,Enlarged Cardiomediastinum",28,0.6019,0.3632,0.6519,0.5819,0.5252,0.4658,0.6052,0.5052,0.5146,0.6346,0.6246,0.4946
7000,QUERY_34,"Pneumothorax,No Finding,Enlarged Cardiomediastinum",22,0.6071,0.366,0.6571,0.5871,0.5673,0.5067,0.6473,0.5473,0.4719,0.5919,0.5819,0.4519
7000,QUERY_35,Cardiomegaly,50,0.6529,0.3998,0.7029,0.6329,0.5523,0.4857,0.6323,0.5323,0.4819,0.6019,0.5919,0.4619
7000,QUERY_36,Pleural Effusion,50,0.6034,0.3569,0.6534,0.5834,0.5482,0.4849,0.6282,0.5282,0.5356,0.6556,0.6456,0.5156
7000,QUERY_37,Pneumothorax,45,0.5341,0.319,0.5841,0.5141,0.4616,0.414,0.5416,0.4416,0.414,0.534,0.524,0.394
7000,QUERY_38,"Pneumonia,Lung Lesion,Pleural Effusion",34,0.5795,0.3556,0.6295,0.5595,0.4871,0.4352,0.5671,0.4671,0.4107,0.5307,0.5207,0.3907
7000,QUERY_39,"Pneumothorax,Edema,Consolidation",35,0.6527,0.3944,0.7027,0.6327,0.5706,0.5015,0.6506,0.5506,0.5642,0.6842,0.6742,0.5442
7000,QUERY_40,"Cardiomegaly,Consolidation",31,0.6325,0.382,0.6825,0.6125,0.5988,0.5336,0.6788,0.5788,0.4772,0.5972,0.5872,0.4572
7000,QUERY_41,"Cardiomegaly,Atelectasis",35,0.5382,0.3133,0.5882,0.5182,0.5162,0.4637,0.5962,0.4962,0.4154,0.5354,0.5254,0.3954
7000,QUERY_42,Lung Opacity,22,0.6162,0.3556,0.6662,0.5962,0.6026,0.5323,0.6826,0.5826,0.5708,0.6908,0.6808,0.5508
7000,QUERY_43,"Pleural Other,No Finding,Edema",24,0.6654,0.3912,0.7154,0.6454,0.6449,0.5678,0.7249,0.6249,0.5964,0.7164,0.7064,0.5764
7000,QUERY_44,Fracture,21,0.5508,0.3313,0.6008,0.5308,0.5007,0.4509,0.5807,0.4807,0.4602,0.5802,0.5702,0.4402
7000,QUERY_45,"Atelectasis,Pleural Effusion",16,0.6614,0.3908,0.7114,0.6414,0.6166,0.5413,0.6966,0.5966,0.5286,0.6486,0.6386,0.5086
7000,QUERY_46,"Pneumonia,Enlarged Cardiomediastinum",20,0.5962,0.3505,0.6462,0.5762,0.5794,0.5166,0.6594,0.5594,0.4572,0.5772,0.5672,0.4372
7000,QUERY_47,"Fracture,Pleural Other",38,0.6985,0.4265,0.7485,0.6785,0.6157,0.5397,0.6957,0.5957,0.5985,0.7185,0.7085,0.5785
7000,QUERY_48,Fracture,19,0.6662,0.409,0.7162,0.6462,0.5771,0.5085,0.6571,0.5571,0.5504,0.6704,0.6604,0.5304
7000,QUERY_49,Pleural Effusion,43,0.6126,0.3822,0.6626,0.5926,0.4886,0.4334,0.5686,0.4686,0.4497,0.5697,0.5597,0.4297
8000,QUERY_0,"Enlarged Cardiomediastinum,Lung Lesion",17,0.6888,0.4209,0.7388,0.6688,0.6472,0.5732,0.7272,0.6272,0.5666,0.6866,0.6766,0.5466
8000,QUERY_1,"Pneumothorax,Lung Lesion",36,0.7493,0.4604,0.7993,0.7293,0.6673,0.5829,0.7473,0.6473,0.5687,0.6887,0.6787,0.5487
8000,QUERY_2,"Consolidation,Pneumonia,Cardiomegaly",16,0.6625,0.3998,0.7125,0.6425,0.6216,0.5502,0.7016,0.6016,0.5708,0.6908,0.6808,0.5508
8000,QUERY_3,Pleural Effusion,39,0.7271,0.4282,0.7771,0.7071,0.7097,0.6202,0.7897,0.6897,0.6466,0.7666,0.7566,0.6266
8000,QUERY_4,"Enlarged Cardiomediastinum,Pneumothorax",50,0.6463,0.3848,0.6963,0.6263,0.5806,0.5099,0.6606,0.5606,0.5593,0.6793,0.6693,0.5393
8000,QUERY_5,"Fracture,Enlarged Cardiomediastinum,Cardiomegaly",23,0.7537,0.4461,0.8037,0.7337,0.6832,0.5894,0.7632,0.6632,0.6888,0.8088,0.7988,0.6688
8000,QUERY_6,Pleural Effusion,38,0.6731,0.4074,0.7231,0.6531,0.6269,0.5541,0.7069,0.6069,0.5386,0.6586,0.6486,0.5186
8000,QUERY_7,"Pneumonia,Consolidation",36,0.7744,0.4799,0.8244,0.7544,0.6405,0.5532,0.7205,0.6205,0.646,0.766,0.756,0.626
8000,QUERY_8,"Pleural Effusion,No Finding",32,0.638,0.376,0.688,0.618,0.5702,0.4992,0.6502,0.5502,0.5249,0.6449,0.6349,0.5049
8000,QUERY_9,"Support Devices,Pneumonia,Pleural Effusion",19,0.7307,0.4277,0.7807,0.7107,0.6599,0.5684,0.7399,0.6399,0.6104,0.7304,0.7204,0.5904
8000,QUERY_10,Pneumonia,21,0.7423,0.4438,0.7923,0.7223,0.6605,0.5712,0.7405,0.6405,0.6091,0.7291,0.7191,0.5891
8000,QUERY_11,"Pneumothorax,Edema,Cardiomegaly",15,0.792,0.4905,0.842,0.772,0.668,0.5773,0.748,0.648,0.624,0.744,0.734,0.604
8000,QUERY_12,"Pneumonia,Lung Lesion,Cardiomegaly",27,0.6909,0.4267,0.7409,0.6709,0.6043,0.5321,0.6843,0.5843,0.519,0.639,0.629,0.499
8000,QUERY_13,"Enlarged Cardiomediastinum,Support Devices,Consolidation",29,0.7026,0.4258,0.7526,0.6826,0.635,0.5566,0.715,0.615,0.5334,0.6534,0.6434,0.5134
8000,QUERY_14,"Enlarged Cardiomediastinum,No Finding",42,0.6935,0.4038,0.7435,0.6735,0.6325,0.5477,0.7125,0.6125,0.6049,0.7249,0.7149,0.5849
8000,QUERY_15,"Pneumothorax,Pneumonia,Cardiomegaly",27,0.6955,0.4233,0.7455,0.6755,0.6321,0.556,0.7121,0.6121,0.5719,0.6919,0.6819,0.5519
8000,QUERY_16,Pleural Other,43,0.7439,0.4468,0.7939,0.7239,0.6642,0.5757,0.7442,0.6442,0.6273,0.7473,0.7373,0.6073
8000,QUERY_17,Pleural Other,42,0.7244,0.4269,0.7744,0.7044,0.6914,0.6026,0.7714,0.6714,0.6097,0.7297,0.7197,0.5897
8000,QUERY_18,Edema,17,0.7348,0.4253,0.7848,0.7148,0.6748,0.5801,0.7548,0.6548,0.6737,0.7937,0.7837,0.6537
8000,QUERY_19,"Atelectasis,Fracture",47,0.7564,0.4472,0.8064,0.7364,0.732,0.6374,0.812,0.712,0.6794,0.7994,0.7894,0.6594
8000,QUERY_20,Fracture,38,0.6926,0.4162,0.7426,0.6726,0.6077,0.5294,0.6877,0.5877,0.5648,0.6848,0.6748,0.5448
8000,QUERY_21,Fracture,44,0.7295,0.4449,0.7795,0.7095,0.6441,0.5618,0.7241,0.6241,0.6127,0.7327,0.7227,0.5927
8000,QUERY_22,"Fracture,Pneumonia",45,0.7269,0.4415,0.7769,0.7069,0.6412,0.5585,0.7212,0.6212,0.629,0.749,0.739,0.609
8000,QUERY_23,"Fracture,Atelectasis",18,0.8036,0.4922,0.8536,0.7836,0.7355,0.6398,0.8155,0.7155,0.6378,0.7578,0.7478,0.6178
8000,QUERY_24,"Cardiomegaly,Lung Opacity",26,0.7134,0.4313,0.7634,0.6934,0.6501,0.569,0.7301,0.6301,0.564,0.684,0.674,0.544
8000,QUERY_25,"Consolidation,Pneumonia,Lung Lesion",37,0.7326,0.4263,0.7826,0.7126,0.7187,0.6256,0.7987,0.6987,0.68,0.8,0.79,0.66
8000,QUERY_26,"Consolidation,Edema",36,0.7623,0.4731,0.8123,0.7423,0.6819,0.5973,0.7619,0.6619,0.5789,0.6989,0.6889,0.5589
8000,QUERY_27,"Lung Opacity,Consolidation",16,0.7469,0.4497,0.7969,0.7269,0.6679,0.5793,0.7479,0.6479,0.6267,0.7467,0.7367,0.6067
8000,QUERY_28,Enlarged Cardiomediastinum,25,0.7383,0.4332,0.7883,0.7183,0.7339,0.6413,0.8139,0.7139,0.6691,0.7891,0.7791,0.6491
8000,QUERY_29,"Lung Opacity,Enlarged Cardiomediastinum,Pneumothorax",37,0.7857,0.4775,0.8357,0.7657,0.71,0.6158,0.79,0.69,0.6187,0.7387,0.7287,0.5987
8000,QUERY_30,Pneumonia,15,0.637,0.367,0.687,0.617,0.583,0.508,0.663,0.563,0.5334,0.6534,0.6434,0.5134
8000,QUERY_31,Edema,41,0.7826,0.4847,0.8326,0.7626,0.6849,0.596,0.7649,0.6649,0.5929,0.7129,0.7029,0.5729
8000,QUERY_32,"Lung Lesion,Lung Opacity",41,0.6712,0.3936,0.7212,0.6512,0.6116,0.5328,0.6916,0.5916,0.5558,0.6758,0.6658,0.5358
8000,QUERY_33,"Atelectasis,Lung Opacity,Fracture",45,0.7435,0.4446,0.7935,0.7235,0.6616,0.5722,0.7416,0.6416,0.6464,0.7664,0.7564,0.6264
8000,QUERY_34,"Pneumonia,Pleural Effusion",34,0.7263,0.4416,0.7763,0.7063,0.634,0.5517,0.714,0.614,0.6279,0.7479,0.7379,0.6079
8000,QUERY_35,Enlarged Cardiomediastinum,23,0.7357,0.4435,0.7857,0.7157,0.653,0.5669,0.733,0.633,0.6444,0.7644,0.7544,0.6244
8000,QUERY_36,"Atelectasis,Lung Opacity",42,0.7413,0.4413,0.7913,0.7213,0.6882,0.5981,0.7682,0.6682,0.6612,0.7812,0.7712,0.6412
8000,QUERY_37,"No Finding,Enlarged Cardiomediastinum",19,0.8309,0.5143,0.8809,0.8109,0.712,0.6137,0.792,0.692,0.634,0.754,0.744,0.614
8000,QUERY_38,Consolidation,21,0.734,0.4267,0.784,0.714,0.7437,0.6501,0.8237,0.7237,0.6221,0.7421,0.7321,0.6021
8000,QUERY_39,"Edema,Pleural Effusion",15,0.7132,0.4402,0.7632,0.6932,0.6048,0.5283,0.6848,0.5848,0.5848,0.7048,0.6948,0.5648
8000,QUERY_40,"Fracture,Support Devices",37,0.7925,0.482,0.8425,0.7725,0.6861,0.5908,0.7661,0.6661,0.6199,0.7399,0.7299,0.5999
8000,QUERY_41,"Atelectasis,Pleural Effusion",29,0.687,0.4162,0.737,0.667,0.6275,0.5521,0.7075,0.6075,0.5322,0.6522,0.6422,0.5122
8000,QUERY_42,"Pleural Effusion,Lung Lesion",37,0.7029,0.418,0.7529,0.6829,0.6431,0.5606,0.7231,0.6231,0.5978,0.7178,0.7078,0.5778
8000,QUERY_43,Pleural Effusion,39,0.6792,0.398,0.7292,0.6592,0.6623,0.5817,0.7423,0.6423,0.5982,0.7182,0.7082,0.5782
8000,QUERY_44,"Pleural Effusion,Pleural Other,Fracture",37,0.637,0.3668,0.687,0.617,0.5774,0.5023,0.6574,0.5574,0.5855,0.7055,0.6955,0.5655
8000,QUERY_45,"Atelectasis,Cardiomegaly",42,0.75,0.4366,0.8,0.73,0.7221,0.6254,0.8021,0.7021,0.6917,0.8117,0.8017,0.6717
8000,QUERY_46,Enlarged Cardiomediastinum,18,0.6724,0.402,0.7224,0.6524,0.6238,0.5486,0.7038,0.6038,0.5916,0.7116,0.7016,0.5716
8000,QUERY_47,Pleural Other,17,0.7457,0.4631,0.7957,0.7257,0.6755,0.5942,0.7555,0.6555,0.6241,0.7441,0.7341,0.6041
8000,QUERY_48,"Cardiomegaly,Support Devices,Consolidation",21,0.71,0.4233,0.76,0.69,0.6327,0.5494,0.7127,0.6127,0.5686,0.6886,0.6786,0.5486
8000,QUERY_49,"Support Devices,Consolidation,Cardiomegaly",25,0.6941,0.413,0.7441,0.6741,0.6533,0.5727,0.7333,0.6333,0.56,0.68,0.67,0.54
9000,QUERY_0,"Pneumothorax,Support Devices,Edema",20,0.7675,0.4715,0.8175,0.7475,0.6486,0.5606,0.7286,0.6286,0.6572,0.7772,0.7672,0.6372
9000,QUERY_1,"Edema,Enlarged Cardiomediastinum",39,0.7301,0.4264,0.7801,0.7101,0.7114,0.6196,0.7914,0.6914,0.6618,0.7818,0.7718,0.6418
9000,QUERY_2,"Fracture,Enlarged Cardiomediastinum",32,0.7895,0.4878,0.8395,0.7695,0.7212,0.6304,0.8012,0.7012,0.6077,0.7277,0.7177,0.5877
9000,QUERY_3,"Pleural Effusion,Lung Opacity",33,0.7988,0.4946,0.8488,0.7788,0.6671,0.575,0.7471,0.6471,0.6615,0.7815,0.7715,0.6415
9000,QUERY_4,"Pneumothorax,Support Devices",39,0.669,0.3946,0.719,0.649,0.6186,0.5414,0.6986,0.5986,0.5718,0.6918,0.6818,0.5518
9000,QUERY_5,"Atelectasis,Pneumonia,Edema",23,0.6915,0.4134,0.7415,0.6715,0.5968,0.5178,0.6768,0.5768,0.551,0.671,0.661,0.531
9000,QUERY_6,Lung Lesion,50,0.7634,0.4537,0.8134,0.7434,0.7464,0.6515,0.8264,0.7264,0.6842,0.8042,0.7942,0.6642
9000,QUERY_7,"Lung Opacity,Edema,Pleural Effusion",21,0.8213,0.4972,0.8713,0.8013,0.7155,0.6135,0.7955,0.6955,0.6961,0.8161,0.8061,0.6761
9000,QUERY_8,Atelectasis,24,0.7658,0.4468,0.8158,0.7458,0.7244,0.625,0.8044,0.7044,0.7127,0.8327,0.8227,0.6927
9000,QUERY_9,Lung Lesion,23,0.8318,0.509,0.8818,0.8118,0.7712,0.6698,0.8512,0.7512,0.7252,0.8452,0.8352,0.7052
9000,QUERY_10,"Support Devices,Pneumonia,No Finding",26,0.7843,0.4739,0.8343,0.7643,0.6806,0.5854,0.7606,0.6606,0.6449,0.7649,0.7549,0.6249
9000,QUERY_11,Fracture,29,0.6788,0.4025,0.7288,0.6588,0.6626,0.5845,0.7426,0.6426,0.6065,0.7265,0.7165,0.5865
9000,QUERY_12,"Lung Opacity,No Finding",18,0.7501,0.4432,0.8001,0.7301,0.6712,0.5777,0.7512,0.6512,0.6419,0.7619,0.7519,0.6219
9000,QUERY_13,"Atelectasis,Edema",26,0.6538,0.3822,0.7038,0.6338,0.599,0.5231,0.679,0.579,0.5854,0.7054,0.6954,0.5654
9000,QUERY_14,"No Finding,Lung Lesion",33,0.7513,0.4546,0.8013,0.7313,0.71,0.6216,0.79,0.69,0.5966,0.7166,0.7066,0.5766
9000,QUERY_15,Pneumothorax,15,0.7745,0.4577,0.8245,0.7545,0.7277,0.6294,0.8077,0.7077,0.6457,0.7657,0.7557,0.6257
9000,QUERY_16,"Pneumothorax,Support Devices",20,0.7141,0.4273,0.7641,0.6941,0.6736,0.5902,0.7536,0.6536,0.5585,0.6785,0.6685,0.5385
9000,QUERY_17,Pneumothorax,26,0.8188,0.5041,0.8688,0.7988,0.7383,0.641,0.8183,0.7183,0.6594,0.7794,0.7694,0.6394
9000,QUERY_18,Enlarged Cardiomediastinum,26,0.8256,0.5099,0.8756,0.8056,0.7326,0.6347,0.8126,0.7126,0.6725,0.7925,0.7825,0.6525
9000,QUERY_19,"Fracture,Consolidation",33,0.7087,0.4135,0.7587,0.6887,0.6738,0.5862,0.7538,0.6538,0.5785,0.6985,0.6885,0.5585
9000,QUERY_20,"No Finding,Edema,Pneumonia",39,0.7627,0.4721,0.8127,0.7427,0.6521,0.5668,0.7321,0.6321,0.5922,0.7122,0.7022,0.5722
9000,QUERY_21,Consolidation,48,0.7025,0.4209,0.7525,0.6825,0.6554,0.5746,0.7354,0.6354,0.5644,0.6844,0.6744,0.5444
9000,QUERY_22,"Enlarged Cardiomediastinum,Pleural Effusion,Atelectasis",25,0.7768,0.461,0.8268,0.7568,0.7147,0.6169,0.7947,0.6947,0.6339,0.7539,0.7439,0.6139
9000,QUERY_23,No Finding,48,0.7677,0.4559,0.8177,0.7477,0.6921,0.5962,0.7721,0.6721,0.6559,0.7759,0.7659,0.6359
9000,QUERY_24,Lung Lesion,38,0.7422,0.4502,0.7922,0.7222,0.6678,0.5818,0.7478,0.6478,0.5773,0.6973,0.6873,0.5573
9000,QUERY_25,Consolidation,38,0.7394,0.4584,0.7894,0.7194,0.6237,0.5432,0.7037,0.6037,0.5964,0.7164,0.7064,0.5764
9000,QUERY_26,"Lung Opacity,Edema,Enlarged Cardiomediastinum",28,0.7525,0.4463,0.8025,0.7325,0.6786,0.5855,0.7586,0.6586,0.6401,0.7601,0.7501,0.6201
9000,QUERY_27,"Pleural Effusion,Pneumothorax",46,0.7537,0.468,0.8037,0.7337,0.6195,0.5367,0.6995,0.5995,0.5555,0.6755,0.6655,0.5355
9000,QUERY_28,"No Finding,Pleural Other,Atelectasis",39,0.7444,0.4491,0.7944,0.7244,0.6385,0.5508,0.7185,0.6185,0.6295,0.7495,0.7395,0.6095
9000,QUERY_29,Cardiomegaly,41,0.7858,0.4786,0.8358,0.7658,0.6778,0.5841,0.7578,0.6578,0.6287,0.7487,0.7387,0.6087
9000,QUERY_30,"Atelectasis,Cardiomegaly",37,0.8152,0.5043,0.8652,0.7952,0.7534,0.6579,0.8334,0.7334,0.6732,0.7932,0.7832,0.6532
9000,QUERY_31,"Pneumonia,Pleural Effusion,Pneumothorax",48,0.7338,0.4375,0.7838,0.7138,0.6916,0.6035,0.7716,0.6716,0.5847,0.7047,0.6947,0.5647
9000,QUERY_32,"Pneumonia,Pneumothorax",42,0.6717,0.3895,0.7217,0.6517,0.651,0.5699,0.731,0.631,0.605,0.725,0.715,0.585
9000,QUERY_33,Cardiomegaly,39,0.7978,0.4878,0.8478,0.7778,0.735,0.64,0.815,0.715,0.6793,0.7993,0.7893,0.6593
9000,QUERY_34,"Consolidation,Support Devices",23,0.6875,0.4171,0.7375,0.6675,0.6082,0.5331,0.6882,0.5882,0.5838,0.7038,0.6938,0.5638
9000,QUERY_35,"Support Devices,Pleural Other",32,0.6982,0.4174,0.7482,0.6782,0.6318,0.5514,0.7118,0.6118,0.6001,0.7201,0.7101,0.5801
9000,QUERY_36,"Lung Opacity,Cardiomegaly,Pleural Other",43,0.678,0.4027,0.728,0.658,0.6479,0.5702,0.7279,0.6279,0.5611,0.6811,0.6711,0.5411
9000,QUERY_37,Pneumothorax,44,0.7119,0.4236,0.7619,0.6919,0.6459,0.5617,0.7259,0.6259,0.6194,0.7394,0.7294,0.5994
9000,QUERY_38,Pneumonia,17,0.7588,0.4509,0.8088,0.7388,0.743,0.649,0.823,0.723,0.6166,0.7366,0.7266,0.5966
9000,QUERY_39,"Consolidation,Enlarged Cardiomediastinum",32,0.7354,0.4533,0.7854,0.7154,0.6642,0.5832,0.7442,0.6442,0.5863,0.7063,0.6963,0.5663
9000,QUERY_40,"Cardiomegaly,Pleural Effusion",29,0.7835,0.4598,0.8335,0.7635,0.7434,0.6416,0.8234,0.7234,0.7026,0.8226,0.8126,0.6826
9000,QUERY_41,"Lung Opacity,Lung Lesion,No Finding",16,0.7558,0.4532,0.8058,0.7358,0.7016,0.6103,0.7816,0.6816,0.6723,0.7923,0.7823,0.6523
9000,QUERY_42,Lung Lesion,22,0.6859,0.3987,0.7359,0.6659,0.6394,0.5558,0.7194,0.6194,0.622,0.742,0.732,0.602
9000,QUERY_43,Pneumonia,23,0.7701,0.4463,0.8201,0.7501,0.7799,0.678,0.8599,0.7599,0.7268,0.8468,0.8368,0.7068
9000,QUERY_44,"Cardiomegaly,Consolidation",30,0.6976,0.4152,0.7476,0.6776,0.6182,0.537,0.6982,0.5982,0.5789,0.6989,0.6889,0.5589
9000,QUERY_45,"Edema,Pneumonia",30,0.6515,0.386,0.7015,0.6315,0.5983,0.5255,0.6783,0.5783,0.5043,0.6243,0.6143,0.4843
9000,QUERY_46,"Lung Lesion,Pneumothorax,Pleural Effusion",41,0.6749,0.3997,0.7249,0.6549,0.6106,0.5331,0.6906,0.5906,0.5284,0.6484,0.6384,0.5084
9000,QUERY_47,"Consolidation,Cardiomegaly",38,0.712,0.4182,0.762,0.692,0.6379,0.551,0.7179,0.6179,0.6536,0.7736,0.7636,0.6336
9000,QUERY_48,Fracture,16,0.8031,0.489,0.8531,0.7831,0.7267,0.6297,0.8067,0.7067,0.6315,0.7515,0.7415,0.6115
9000,QUERY_49,Lung Lesion,25,0.8179,0.495,0.8679,0.7979,0.7362,0.6347,0.8162,0.7162,0.6525,0.7725,0.7625,0.6325
10000,QUERY_0,"Fracture,Pneumothorax",37,0.7157,0.4233,0.7657,0.6957,0.6551,0.5689,0.7351,0.6351,0.587,0.707,0.697,0.567
10000,QUERY_1,"Consolidation,Pleural Other",23,0.67,0.3977,0.72,0.65,0.5902,0.514,0.6702,0.5702,0.5838,0.7038,0.6938,0.5638
10000,QUERY_2,"Fracture,Pneumothorax",20,0.7796,0.4731,0.8296,0.7596,0.7447,0.6514,0.8247,0.7247,0.6422,0.7622,0.7522,0.6222
10000,QUERY_3,"Pneumothorax,Support Devices",47,0.7558,0.4499,0.8058,0.7358,0.7252,0.6322,0.8052,0.7052,0.6467,0.7667,0.7567,0.6267
10000,QUERY_4,"Pleural Effusion,Edema",22,0.7766,0.4771,0.8266,0.7566,0.6492,0.5594,0.7292,0.6292,0.6196,0.7396,0.7296,0.5996
10000,QUERY_5,Edema,35,0.7024,0.434,0.7524,0.6824,0.5715,0.4972,0.6515,0.5515,0.5729,0.6929,0.6829,0.5529
10000,QUERY_6,Cardiomegaly,21,0.6898,0.4041,0.7398,0.6698,0.6742,0.5913,0.7542,0.6542,0.6017,0.7217,0.7117,0.5817
10000,QUERY_7,Lung Opacity,44,0.7037,0.4169,0.7537,0.6837,0.6548,0.5714,0.7348,0.6348,0.5875,0.7075,0.6975,0.5675
10000,QUERY_8,Lung Opacity,49,0.744,0.4596,0.794,0.724,0.6257,0.5435,0.7057,0.6057,0.5968,0.7168,0.7068,0.5768
10000,QUERY_9,"No Finding,Pleural Other",48,0.7214,0.4227,0.7714,0.7014,0.654,0.5646,0.734,0.634,0.6356,0.7556,0.7456,0.6156
10000,QUERY_10,Consolidation,19,0.7259,0.448,0.7759,0.7059,0.6656,0.5866,0.7456,0.6456,0.5868,0.7068,0.6968,0.5668
10000,QUERY_11,Support Devices,41,0.7006,0.4137,0.7506,0.6806,0.6204,0.5369,0.7004,0.6004,0.5711,0.6911,0.6811,0.5511
10000,QUERY_12,"Enlarged Cardiomediastinum,Lung Lesion,Atelectasis",19,0.8029,0.4905,0.8529,0.7829,0.7497,0.6535,0.8297,0.7297,0.6425,0.7625,0.7525,0.6225
10000,QUERY_13,"Pneumothorax,Lung Opacity",49,0.7289,0.435,0.7789,0.7089,0.6501,0.5632,0.7301,0.6301,0.6423,0.7623,0.7523,0.6223
10000,QUERY_14,"Atelectasis,Lung Lesion",15,0.7439,0.4321,0.7939,0.7239,0.684,0.5881,0.764,0.664,0.6397,0.7597,0.7497,0.6197
10000,QUERY_15,"Cardiomegaly,Edema",26,0.676,0.4093,0.726,0.656,0.612,0.5386,0.692,0.592,0.5208,0.6408,0.6308,0.5008
10000,QUERY_16,"Consolidation,Pneumonia,Lung Opacity",28,0.7395,0.4344,0.7895,0.7195,0.7033,0.6108,0.7833,0.6833,0.6627,0.7827,0.7727,0.6427
10000,QUERY_17,"Edema,Support Devices",46,0.7713,0.475,0.8213,0.7513,0.7004,0.6123,0.7804,0.6804,0.6056,0.7256,0.7156,0.5856
10000,QUERY_18,"No Finding,Atelectasis",22,0.7241,0.4333,0.7741,0.7041,0.6901,0.6047,0.7701,0.6701,0.6235,0.7435,0.7335,0.6035
10000,QUERY_19,Cardiomegaly,44,0.8051,0.482,0.8551,0.7851,0.7079,0.6064,0.7879,0.6879,0.6828,0.8028,0.7928,0.6628
10000,QUERY_20,Fracture,20,0.7865,0.4802,0.8365,0.7665,0.6778,0.5847,0.7578,0.6578,0.6369,0.7569,0.7469,0.6169
10000,QUERY_21,Pneumothorax,16,0.697,0.4223,0.747,0.677,0.608,0.5306,0.688,0.588,0.6035,0.7235,0.7135,0.5835
10000,QUERY_22,Fracture,47,0.7928,0.4896,0.8428,0.7728,0.6991,0.6075,0.7791,0.6791,0.6618,0.7818,0.7718,0.6418
10000,QUERY_23,"Support Devices,Pneumonia",17,0.7314,0.4528,0.7814,0.7114,0.607,0.5276,0.687,0.587,0.6084,0.7284,0.7184,0.5884
10000,QUERY_24,"Pneumothorax,Enlarged Cardiomediastinum",26,0.7604,0.4662,0.8104,0.7404,0.6918,0.6046,0.7718,0.6718,0.6259,0.7459,0.7359,0.6059
10000,QUERY_25,Consolidation,29,0.7169,0.4232,0.7669,0.6969,0.6536,0.5667,0.7336,0.6336,0.62,0.74,0.73,0.6
10000,QUERY_26,"Enlarged Cardiomediastinum,Pleural Effusion",18,0.6802,0.4019,0.7302,0.6602,0.5967,0.5176,0.6767,0.5767,0.5685,0.6885,0.6785,0.5485
10000,QUERY_27,No Finding,24,0.7384,0.4394,0.7884,0.7184,0.7164,0.627,0.7964,0.6964,0.6297,0.7497,0.7397,0.6097
10000,QUERY_28,"Atelectasis,Consolidation,Lung Opacity",43,0.6805,0.4141,0.7305,0.6605,0.6384,0.5653,0.7184,0.6184,0.5204,0.6404,0.6304,0.5004
10000,QUERY_29,"Pleural Effusion,Support Devices",35,0.7343,0.448,0.7843,0.7143,0.6813,0.5982,0.7613,0.6613,0.6134,0.7334,0.7234,0.5934
10000,QUERY_30,"Lung Lesion,Enlarged Cardiomediastinum",32,0.7334,0.4316,0.7834,0.7134,0.6646,0.5737,0.7446,0.6446,0.6653,0.7853,0.7753,0.6453
10000,QUERY_31,"Consolidation,Fracture,Edema",44,0.8117,0.4936,0.8617,0.7917,0.6983,0.5993,0.7783,0.6783,0.7011,0.8211,0.8111,0.6811
10000,QUERY_32,"Fracture,Lung Opacity",25,0.7225,0.4246,0.7725,0.7025,0.7046,0.6156,0.7846,0.6846,0.6058,0.7258,0.7158,0.5858
10000,QUERY_33,No Finding,44,0.7084,0.4379,0.7584,0.6884,0.6232,0.5479,0.7032,0.6032,0.5184,0.6384,0.6284,0.4984
10000,QUERY_34,Pleural Effusion,24,0.711,0.4239,0.761,0.691,0.6901,0.6066,0.7701,0.6701,0.5831,0.7031,0.6931,0.5631
10000,QUERY_35,"Enlarged Cardiomediastinum,Pleural Effusion,Pleural Other",26,0.7018,0.4071,0.7518,0.6818,0.6483,0.561,0.7283,0.6283,0.6413,0.7613,0.7513,0.6213
10000,QUERY_36,Support Devices,36,0.6849,0.4179,0.7349,0.6649,0.612,0.5385,0.692,0.592,0.5346,0.6546,0.6446,0.5146
10000,QUERY_37,"Support Devices,No Finding,Pneumonia",32,0.7934,0.4859,0.8434,0.7734,0.7469,0.6531,0.8269,0.7269,0.6251,0.7451,0.7351,0.6051
10000,QUERY_38,"Pneumonia,Fracture,Enlarged Cardiomediastinum",18,0.8108,0.4878,0.8608,0.7908,0.776,0.6745,0.856,0.756,0.6595,0.7795,0.7695,0.6395
10000,QUERY_39,Lung Lesion,20,0.8462,0.5218,0.8962,0.8262,0.7636,0.6614,0.8436,0.7436,0.6972,0.8172,0.8072,0.6772
10000,QUERY_40,Enlarged Cardiomediastinum,44,0.7317,0.4365,0.7817,0.7117,0.6684,0.5808,0.7484,0.6484,0.5874,0.7074,0.6974,0.5674
10000,QUERY_41,"Fracture,Enlarged Cardiomediastinum",39,0.6963,0.4229,0.7463,0.6763,0.617,0.5403,0.697,0.597,0.5394,0.6594,0.6494,0.5194
10000,QUERY_42,"Consolidation,No Finding,Lung Lesion",39,0.7209,0.4431,0.7709,0.7009,0.636,0.5571,0.716,0.616,0.5845,0.7045,0.6945,0.5645
10000,QUERY_43,Atelectasis,43,0.729,0.4448,0.779,0.709,0.6217,0.5396,0.7017,0.6017,0.5738,0.6938,0.6838,0.5538
10000,QUERY_44,Lung Opacity,15,0.7578,0.4452,0.8078,0.7378,0.697,0.6007,0.777,0.677,0.6621,0.7821,0.7721,0.6421
10000,QUERY_45,"Pneumothorax,Edema",35,0.6925,0.4156,0.7425,0.6725,0.6617,0.5833,0.7417,0.6417,0.592,0.712,0.702,0.572
10000,QUERY_46,"Enlarged Cardiomediastinum,Consolidation,Edema",35,0.7211,0.4299,0.7711,0.7011,0.6363,0.5507,0.7163,0.6163,0.6451,0.7651,0.7551,0.6251
10000,QUERY_47,"Edema,Pneumonia",49,0.6841,0.4048,0.7341,0.6641,0.668,0.5883,0.748,0.648,0.5914,0.7114,0.7014,0.5714
10000,QUERY_48,"Lung Lesion,Atelectasis",17,0.7618,0.4647,0.8118,0.7418,0.672,0.5834,0.752,0.652,0.6338,0.7538,0.7438,0.6138
10000,QUERY_49,"Cardiomegaly,Pneumonia",37,0.72,0.4233,0.77,0.7,0.699,0.6106,0.779,0.679,0.6006,0.7206,0.7106,0.5806
